Name,Northing,Easting,Elevation,Description
1,1000,1000,670.5456358,env1
2,0,0,570.5456358,Trib2SUPbpin
5,928.441806,952.318709,665.2539388,proTrib2SUP-bri_testcomment
6,928.298035,952.013812,665.7030838,proTrib2SUP-ws
3,957.340291,959.272652,670.0252308,proTrib2SUP-tob
4,950.300365,965.212508,666.8565168,proTrib2SUP-bkf
7,931.816073,955.623021,664.8177098,proTrib2SUP-ri
8,939.002896,962.711577,664.6945168,proTrib2SUP-ri
9,945.14549,969.771404,664.9043418,proTrib2SUP-ri
10,949.494891,976.069402,664.7387398,proTrib2SUP-ri
11,956.686355,985.720096,664.6402188,proTrib2SUP-ri
12,963.297509,994.025725,664.4644128,proTrib2SUP-ri
13,965.196377,1001.959874,664.3054418,proTrib2SUP-ri
14,965.112575,1001.899105,664.9373298,proTrib2SUP-ws
15,973.095991,1012.191463,664.9594308,proTrib2SUP-ri
16,979.378681,1019.521264,664.4260178,proTrib2SUP-ri
17,1026.582041,1150.715791,667.4894338,env17
18,979.80283,1021.558126,664.1910898,proTrib2SUP-ri
19,986.327494,1029.753153,664.2164058,proTrib2SUP-ri
20,993.207805,1039.87792,664.1271238,proTrib2SUP-ri
21,999.913766,1049.434555,663.9487638,proTrib2SUP-ri
22,999.936843,1049.268567,664.5510868,proTrib2SUP-ws
23,1007.590573,1049.001252,665.9159778,proTrib2SUP-bkf
24,1015.639794,1053.989045,668.5535238,proTrib2SUP-tob
25,1002.568137,1062.268934,663.7142438,proTrib2SUP-ri
26,1002.123656,1073.79567,663.4082348,proTrib2SUP-ri
27,1001.002124,1080.929673,663.4497598,proTrib2SUP-eri
28,1000.910887,1080.944682,664.1476118,proTrib2SUP-ws
29,998.854336,1083.958346,662.8120038,proTrib2SUP-bpo
30,998.730859,1083.624337,664.0885838,proTrib2SUP-ws
31,997.734345,1088.950241,662.2767498,proTrib2SUP-po
32,997.044207,1092.241524,662.3687858,proTrib2SUP-po
33,997.38039,1098.654224,662.9961998,proTrib2SUP-po
34,997.506946,1101.689292,663.3888178,proTrib2SUP-epo
35,997.772988,1102.244006,664.0973738,proTrib2SUP-ws
36,998.762025,1108.239664,663.6204188,proTrib2SUP-thw
37,996.689148,1114.730575,663.6302788,proTrib2SUP-bri
38,996.711811,1114.597835,664.0664958,proTrib2SUP-ws
39,1006.998756,1114.624502,665.5975078,proTrib2SUP-bkf
40,1014.288894,1115.956033,667.5901458,proTrib2SUP-tob
41,996.786633,1121.861633,663.6413248,proTrib2SUP-ri
42,993.747713,1132.412281,663.4721358,proTrib2SUP-ri
43,992.881376,1139.330411,663.2682908,proTrib2SUP-ri
44,990.926216,1148.742782,663.0886848,proTrib2SUP-ri
45,991.49663,1157.38701,662.8912088,proTrib2SUP-ri
46,990.191894,1164.665231,662.6130118,proTrib2SUP-ri
47,989.978823,1169.500379,662.3312408,proTrib2SUP-ri
48,992.404477,1169.167274,663.0162978,proTrib2SUP-ws
49,989.97117,1172.145188,661.8541668,proTrib2SUP-bpo
50,990.446254,1172.200096,662.8959708,proTrib2SUP-ws
51,993.143645,1175.885736,661.9372548,proTrib2SUP-po
52,993.121362,1175.90251,661.9347788,proTrib2SUP-po
53,997.277373,1180.117799,661.4001008,proTrib2SUP-po
54,1002.40765,1182.529452,661.3306328,proTrib2SUP-po
55,1006.28199,1185.046242,660.8626558,proTrib2SUP-po
56,1011.68584,1186.980383,661.2423198,proTrib2SUP-po
57,1017.850713,1188.810763,661.7242298,proTrib2SUP-epo
58,1017.724026,1188.812636,662.8870818,proTrib2SUP-ws
59,1021.103176,1188.685625,662.3814628,proTrib2SUP-thw
60,1024.229189,1188.223575,662.3800948,proTrib2SUP-bri
61,1024.230701,1188.170405,662.2060728,proTrib2SUP-bri
62,1024.117132,1188.242197,662.8502978,proTrib2SUP-ws
63,1032.103123,1176.661367,664.2492078,proTrib2SUP-bkf
64,1041.50833,1168.008911,666.7485128,proTrib2SUP-tob
65,1030.095766,1188.799353,662.3679448,proTrib2SUP-ri
66,1039.984446,1189.572486,661.8749088,proTrib2SUP-ri
67,1050.282563,1191.832103,661.7816568,proTrib2SUP-ri
68,1050.743353,1191.890432,662.3342208,proTrib2SUP-ws
69,1060.844549,1199.252013,661.1633298,proTrib2SUP-ri
70,1070.491817,1202.756289,661.3167678,proTrib2SUP-ri
71,1079.864206,1208.504322,661.4067718,proTrib2SUP-ri
72,1088.111983,1213.685361,660.9863638,proTrib2SUP-ri
73,1091.625262,1216.385761,660.7003238,proTrib2SUP-eri
74,1091.718892,1216.447779,661.6689698,proTrib2SUP-ws
75,1095.427309,1219.110609,660.5072388,proTrib2SUP-thw
76,1099.966814,1224.003145,660.6380808,proTrib2SUP-thw
77,1100.298456,1224.12051,661.6466368,proTrib2SUP-thw
78,1106.866148,1230.764371,660.7302668,proTrib2SUP-thw
79,1110.39557,1235.357454,660.4746978,proTrib2SUP-thw
80,1115.879934,1239.728407,660.7731138,proTrib2SUP-thw
81,1116.116744,1240.083097,661.6344218,proTrib2SUP-ws
82,1121.731477,1244.930631,661.3382758,proTrib2SUP-thw
83,1125.642138,1248.11948,661.2672938,proTrib2SUP-ri
84,1125.744592,1248.416146,661.6118428,proTrib2SUP-ws
85,1137.128527,1241.811781,662.6267298,proTrib2SUP-bkf
86,1139.775162,1234.587299,664.5459278,proTrib2SUP-tob
87,1129.505198,1258.548433,660.8289858,proTrib2SUP-ri
88,1139.392878,1264.79604,660.7055408,proTrib2SUP-ri
89,1151.104602,1268.460631,660.5744558,proTrib2SUP-ri
90,1161.78383,1273.081348,660.2975428,proTrib2SUP-ri
91,1166.46785,1277.154209,659.4475498,proTrib2SUP-eri
92,1166.962745,1276.996888,660.6595838,proTrib2SUP-ws
93,1172.29724,1278.049132,659.6348718,proTrib2SUP-thw
94,1179.096083,1278.980343,659.3154798,proTrib2SUP-thw
95,1189.005349,1280.670826,659.5320438,proTrib2SUP-thw
96,1188.859569,1280.787912,660.5020058,proTrib2SUP-ws
97,1197.568475,1282.423448,659.4207178,proTrib2SUP-thw
98,1204.446367,1281.900599,659.7048038,proTrib2SUP-thw
99,1204.744086,1281.944227,660.5311408,proTrib2SUP-ws
100,1225.961773,1248.417285,664.4340018,env100
101,1039.118608,1148.602828,668.5586828,xsTrib2SUPpo-lbp
102,1039.089067,1148.688664,668.2076538,xsTrib2SUPpo
103,1037.99471,1149.609169,667.9805788,xsTrib2SUPpo
104,1036.559592,1151.004898,667.8742838,xsTrib2SUPpo
105,1034.963322,1152.325263,667.7124778,xsTrib2SUPpo
106,1033.58478,1153.658113,667.4799248,xsTrib2SUPpo
107,1032.075569,1155.009136,667.3914028,xsTrib2SUPpo
108,1030.650908,1156.188314,667.1317868,xsTrib2SUPpo
109,1029.171737,1157.45037,666.9007348,xsTrib2SUPpo
110,1027.706537,1158.780537,666.6795088,xsTrib2SUPpo
111,1026.239649,1160.169739,666.2385278,xsTrib2SUPpo
112,1024.832203,1161.387141,665.9640878,xsTrib2SUPpo
113,1023.216296,1162.824461,665.4540848,xsTrib2SUPpo
114,1021.797052,1163.959248,665.1311368,xsTrib2SUPpo
115,1020.067498,1165.316632,664.7109308,xsTrib2SUPpo
116,1018.488313,1166.463732,664.4748548,xsTrib2SUPpo
117,1017.084808,1167.924534,664.2048088,xsTrib2SUPpo
118,1015.641178,1169.257815,664.2301108,xsTrib2SUPpo
119,1014.155014,1170.53428,664.1576378,xsTrib2SUPpo
120,1012.595365,1171.862943,664.0754328,xsTrib2SUPpo
121,1011.028096,1173.179005,663.9518458,xsTrib2SUPpo
122,1009.628973,1174.43711,663.7604008,xsTrib2SUPpo
123,1007.981784,1175.630854,663.6721468,xsTrib2SUPpo
124,1006.981686,1176.396345,663.5086818,xsTrib2SUPpo
125,1006.456491,1177.424107,662.8832138,xsTrib2SUPpo
126,1005.823183,1177.854159,662.9023358,xsTrib2SUPpo-ws
127,1005.03763,1178.528803,662.4309308,xsTrib2SUPpo
128,1003.524466,1179.658178,662.2590098,xsTrib2SUPpo
129,1002.604512,1180.429111,662.0028218,xsTrib2SUPpo
130,1001.771243,1181.171789,661.7109388,xsTrib2SUPpo
131,1001.168339,1181.521943,661.6752228,xsTrib2SUPpo
132,1000.255739,1181.887764,661.6453368,xsTrib2SUPpo
133,999.445688,1182.822592,661.3445068,xsTrib2SUPpo
134,998.378607,1184.100881,662.2384398,xsTrib2SUPpo
135,997.41408,1184.953375,663.8712088,xsTrib2SUPpo
136,996.088872,1186.288244,664.5823038,xsTrib2SUPpo
137,995.335853,1186.916268,664.6633808,xsTrib2SUPpo
138,994.314781,1187.299364,665.0563448,xsTrib2SUPpo
139,993.446996,1188.164122,665.2712948,xsTrib2SUPpo
140,991.988665,1189.597542,665.8233428,xsTrib2SUPpo
141,991.066682,1190.382954,666.2668328,xsTrib2SUPpo
142,989.898895,1191.486355,666.5786698,xsTrib2SUPpo
143,988.412981,1192.814091,667.0035138,xsTrib2SUPpo
144,986.859008,1194.0836,667.2987328,xsTrib2SUPpo
145,984.57851,1196.147443,667.4645968,xsTrib2SUPpo
146,982.137189,1197.84243,667.3177748,xsTrib2SUPpo
147,980.058031,1199.815233,667.7871718,xsTrib2SUPpo
148,979.519296,1200.405017,667.7352208,xsTrib2SUPpo
149,979.385627,1200.326491,668.2047998,xsTrib2SUPpo-rbp
150,1032.184436,1117.873323,668.6857378,xsTrib2SUPri-lbp
151,1032.060818,1117.930022,668.3040298,xsTrib2SUPri
152,1030.516229,1117.798719,668.2785338,xsTrib2SUPri
153,1027.880475,1117.660277,668.1816138,xsTrib2SUPri
154,1025.626678,1117.398727,668.2458598,xsTrib2SUPri
155,1023.152709,1117.272372,668.2507738,xsTrib2SUPri
156,1020.540625,1117.037847,668.1878168,xsTrib2SUPri
157,1018.230017,1116.909199,668.0336808,xsTrib2SUPri
158,1016.597222,1116.727023,667.9745548,xsTrib2SUPri
159,1014.620962,1116.623377,667.6072528,xsTrib2SUPri
160,1012.631836,1116.41307,667.1888768,xsTrib2SUPri
161,1010.771093,1116.209535,666.6281958,xsTrib2SUPri
162,1008.727677,1116.083644,666.1721768,xsTrib2SUPri
163,1007.624859,1115.960695,665.8148098,xsTrib2SUPri
164,1005.704606,1116.045715,664.9708398,xsTrib2SUPri
165,1004.736428,1115.712468,664.7964388,xsTrib2SUPri
166,1003.524316,1115.581845,664.3790888,xsTrib2SUPri
167,1002.701643,1115.398875,663.5020928,xsTrib2SUPri
168,1001.614776,1115.271751,663.4095378,xsTrib2SUPri
169,1000.480542,1115.23629,663.3810408,xsTrib2SUPri
170,999.177906,1115.17929,663.6193228,xsTrib2SUPri
171,997.480131,1114.869696,663.6290898,xsTrib2SUPri
172,995.90492,1114.803843,663.5518678,xsTrib2SUPri
173,994.173112,1114.691483,663.5525108,xsTrib2SUPri
174,992.92665,1114.6234,663.3553418,xsTrib2SUPri
175,993.076519,1114.63606,664.0486008,xsTrib2SUPri-ws
176,991.564892,1114.546175,663.5433348,xsTrib2SUPri
177,990.241704,1114.289375,663.8444968,xsTrib2SUPri
178,989.330594,1113.938816,664.2305178,xsTrib2SUPri
179,987.755474,1114.180758,664.2973728,xsTrib2SUPri
180,986.608143,1114.179407,664.3793548,xsTrib2SUPri
181,985.241043,1113.896324,664.8502218,xsTrib2SUPri
182,984.118433,1113.974079,665.0401328,xsTrib2SUPri
183,981.837727,1113.732218,664.9356538,xsTrib2SUPri
184,979.901256,1113.493973,665.0153608,xsTrib2SUPri
185,977.774156,1113.409467,664.8293658,xsTrib2SUPri
186,975.812639,1113.197524,664.6697628,xsTrib2SUPri
187,974.236618,1112.847998,664.6581618,xsTrib2SUPri
188,972.761068,1112.572367,665.2256318,xsTrib2SUPri
189,970.882298,1112.469396,666.6000838,xsTrib2SUPri
190,968.657747,1112.268616,667.3035708,xsTrib2SUPri
191,965.911327,1112.09653,667.7453778,xsTrib2SUPri
192,963.476313,1111.795821,668.1252348,xsTrib2SUPri
193,960.870802,1111.584608,668.6823988,xsTrib2SUPri
194,960.788089,1111.529734,669.0401548,xsTrib2SUPri-rbp
195,1210.596648,1279.775637,659.8785848,proTrib2SUP-thw
196,1220.412556,1281.616664,659.9691688,proTrib2SUP-bri
197,1220.304524,1281.330977,660.4658688,proTrib2SUP-ws
198,1218.66114,1290.637068,661.5344328,proTrib2SUP-bkf
199,1213.667595,1304.374513,664.9826118,proTrib2SUP-tob
200,1229.343776,1282.105566,659.9541458,proTrib2SUP-ri
201,1239.571449,1281.374684,659.8878078,proTrib2SUP-ri
202,1248.799022,1284.413444,659.7766218,proTrib2SUP-ri
203,1257.000014,1290.234025,659.2892308,proTrib2SUP-ri
204,1262.326493,1295.319054,658.5101888,proTrib2SUP-ri
205,1261.826976,1295.383626,659.5441618,proTrib2SUP-ws
206,1269.746672,1299.663191,658.6727088,proTrib2SUP-ri
207,1274.128792,1303.036027,658.4078368,proTrib2SUP-eri
208,1274.474069,1303.256352,659.3912428,proTrib2SUP-ws
209,1276.987281,1305.21021,658.4499748,proTrib2SUP-thw
210,1281.425763,1309.464102,658.2242578,proTrib2SUP-thw
211,1288.520517,1316.243868,658.1209058,proTrib2SUP-thw
212,1288.65831,1316.211678,659.3499418,proTrib2SUP-ws
213,1294.923374,1321.953888,658.5063498,proTrib2SUP-thw
214,1294.810489,1321.952744,658.5034478,proTrib2SUP-ws
215,1301.431911,1328.403188,658.6632388,proTrib2SUP-thw
216,1310.47414,1341.548825,658.7868368,proTrib2SUP-ri-ep
217,1310.21437,1341.989273,659.2802198,proTrib2SUP-ri-ep-w
218,1300.06941,1354.861303,660.0379948,proTrib2SUP-bkf
219,1314.848247,1324.073777,663.0591968,proTrib2SUP-tob
220,1308.847903,1320.591945,663.2806248,Trib2SUPepin
221,20000,20000,634.5401545,env221
222,20043.70192,19966.04156,629.5579435,Trib2DISCARD-thw
223,19954.41758,19954.56671,634.5896795,Trib2bpin
224,19935.12416,19970.12155,631.5057635,proTrib2-bri
225,19933.96683,19970.48305,632.0923905,proTrib2-ws
226,19935.50093,19974.19349,632.8432815,proTrib2-bkf
227,19946.89191,19955.62447,634.6633195,proTrib2-tob
228,19952.69163,19968.46944,630.7317495,proTrib2-ri
229,19962.62295,19968.16368,631.1116945,proTrib2-ri
230,19964.00284,19965.99683,631.6032405,proTrib2-ws
231,19973.9782,19975.59213,630.5337245,proTrib2-ri-jam
232,19983.77872,19980.73414,630.2827425,proTrib2-eri
233,19985.50309,19982.43016,631.0802085,proTrib2-ws
234,19994.31971,19979.2837,629.8488765,proTrib2-thw
235,20003.72145,19977.35504,630.1125275,proTrib2-thw
236,20012.68983,19976.54453,630.1415705,proTrib2-thw
237,20024.00207,19972.95315,630.0878225,proTrib2-thw
238,20036.13298,19970.115,630.0295435,proTrib2-thw
239,20041.33915,19964.01586,630.6105015,proTrib2-ws
240,20037.99858,19961.04669,631.3509085,proTrib2-bkf
241,20042.48019,19973.9154,631.9569795,proTrib2-tob
242,20041.78427,19983.9933,633.5250865,x-proTrib2-tob2
243,20051.55176,19958.15191,629.6968065,proTrib2-thw
244,20054.2379,19950.24061,629.5955755,proTrib2-bri
245,20055.09435,19952.76038,630.3503445,proTrib2-ws
246,20059.28926,19955.8474,631.4525445,proTrib2-bkf
247,20062.15089,19961.65022,632.6450625,proTrib2-tob
248,20059.2486,19943.37808,629.3665485,proTrib2-ri
249,20070.49844,19930.01309,629.0099975,proTrib2-ri
250,20082.18013,19917.56052,628.9866415,proTrib2-ri
251,20091.76349,19909.39831,628.7991405,proTrib2-eri
252,20091.20566,19907.33507,629.4530345,proTrib2-ws
253,20097.69702,19911.00903,630.3154425,proTrib2-bkf
254,20102.24155,19921.12911,631.7051585,proTrib2-tob
255,20097.36338,19906.82291,628.7825035,proTrib2-thw
256,20105.88931,19893.69924,628.5776295,proTrib2-bpo
257,20106.50453,19893.61936,629.5462695,proTrib2-ws
258,20111.29295,19889.46851,628.5279535,proTrib2-po
259,20120.74219,19883.6651,628.3069385,proTrib2-po
260,20130.96159,19881.60949,627.8916445,proTrib2-po
261,20134.45157,19881.45578,627.8906625,proTrib2-po
262,20141.05797,19885.44254,627.5731405,proTrib2-po
263,20148.62569,19877.48854,630.6859625,env263
264,20148.88195,19877.6611,630.7721995,env264
265,20152.19149,19889.12289,628.2948755,proTrib2-po
266,20157.69784,19890.9393,628.5442445,proTrib2-epo
267,20157.56812,19890.83548,629.2629075,proTrib2-ws
268,20165.60875,19894.26944,628.4785265,proTrib2-thw
269,20167.94578,19888.36299,629.8002375,proTrib2-bkf
270,20168.43019,19881.57728,630.7536805,proTrib2-tob
271,20176.53329,19898.03895,627.7730285,proTrib2-thw
272,20174.89545,19898.92491,628.6717065,proTrib2-ws
273,20182.77197,19900.95041,627.4289145,proTrib2-thw
274,20188.87078,19902.91793,627.3112725,proTrib2-thw
275,20188.44906,19903.52845,628.5839955,proTrib2-ws
276,20193.72877,19905.34856,627.2066065,proTrib2-thw
277,20199.53374,19908.64115,627.4732535,proTrib2-thw
278,20204.19494,19909.60073,627.7877435,proTrib2-thw
279,20204.62601,19909.6672,628.5093915,proTrib2-ws
280,20209.25364,19911.75752,627.5898865,proTrib2-bri
281,20208.81741,19911.16287,628.4763015,proTrib2-ws
282,20210.55895,19907.71746,629.0908045,proTrib2-bkf
283,20212.95599,19895.10167,630.1925535,proTrib2-tob
284,20217.55696,19912.94349,627.4997385,proTrib2-ri
285,20225.99986,19913.69601,627.3651365,proTrib2-eri
286,20227.4114,19915.00564,628.2983235,proTrib2-ws
287,20232.61966,19915.80543,627.0503655,proTrib2-thw-xsp
288,20239.83835,19923.8442,629.9751575,env288
289,20225.38893,19883.86329,630.5939275,xsTrib2po-lbp
290,20225.39803,19883.9006,630.4151135,xsTrib2po
291,20225.94534,19885.91735,630.4552735,xsTrib2po
292,20227.55789,19892.05672,630.2353595,xsTrib2po
293,20228.03872,19895.42712,629.6164295,xsTrib2po
294,20228.52063,19897.96527,629.0610675,xsTrib2po
295,20229.11478,19900.32435,628.7606045,xsTrib2po
296,20229.56372,19903.33666,629.0424305,xsTrib2po
297,20230.2675,19905.6483,629.0505685,xsTrib2po
298,20230.76921,19908.35268,628.9651175,xsTrib2po-bkf
299,20230.73024,19909.35647,628.7160205,xsTrib2po
300,20230.96879,19910.16406,628.3546055,xsTrib2po
301,20231.21299,19910.71736,628.1035585,xsTrib2po-ws
302,20231.33446,19911.68332,628.1350285,xsTrib2po
303,20231.6514,19912.52489,627.7365255,xsTrib2po
304,20231.85459,19913.31348,627.5653495,xsTrib2po
305,20232.12022,19913.97294,627.4883595,xsTrib2po
306,20232.39164,19914.72256,627.7038585,xsTrib2po
307,20232.71627,19915.3657,627.3193165,xsTrib2po
308,20232.78182,19915.90499,627.0357075,xsTrib2po
309,20232.89565,19916.40738,627.0188985,xsTrib2po
310,20233.2146,19916.94666,627.7104605,xsTrib2po
311,20233.41333,19917.39052,628.1698385,xsTrib2po
312,20233.70375,19918.32123,628.6157545,xsTrib2po
313,20233.50043,19919.5057,629.3284295,xsTrib2po
314,20233.63808,19921.32457,629.5620635,xsTrib2po
315,20234.43247,19924.19323,629.6709305,xsTrib2po
316,20234.94983,19926.23078,630.1176435,xsTrib2po
317,20235.53504,19929.20857,630.0588385,xsTrib2po
318,20235.8452,19931.21254,629.9826665,xsTrib2po
319,20236.54512,19933.76361,629.9047015,xsTrib2po
320,20237.10482,19936.08836,629.7872825,xsTrib2po
321,20237.24583,19938.78502,629.8438355,xsTrib2po
322,20237.50941,19940.3458,629.8992035,xsTrib2po
323,20237.60548,19940.39629,630.0395235,xsTrib2po-rbp
324,20237.61232,19914.80018,626.9888235,proTrib2-thw
325,20244.54775,19911.80422,626.8710225,proTrib2-thw
326,20248.67105,19907.93689,627.5112995,proTrib2-thw
327,20250.72273,19909.06599,628.0025895,proTrib2-ws
328,20252.10437,19910.24967,628.8977485,proTrib2-bkf
329,20253.7884,19903.68796,627.0991205,proTrib2-thw
330,20258.86573,19897.14444,626.9467775,proTrib2-thw
331,20263.57492,19892.59792,626.6418215,proTrib2-thw
332,20268.02445,19885.67051,626.8584745,proTrib2-thw
333,20271.30018,19881.62809,626.6145845,proTrib2-thw
334,20276.05971,19878.2397,626.8309085,proTrib2-thw
335,20280.38057,19875.62434,626.7694125,proTrib2-thw
336,20287.26326,19871.66041,626.6960285,proTrib2-thw
337,20287.50256,19871.58931,627.5866515,proTrib2-ws
338,20290.14812,19881.23668,628.3615315,proTrib2-bkf
339,20294.74432,19869.4765,626.8416905,proTrib2-thw
340,20302.35931,19863.51118,626.9483645,proTrib2-thw
341,20308.23105,19860.33243,626.7019015,proTrib2-thw
342,20313.31204,19859.59707,626.3528325,proTrib2-thw
343,20319.75375,19860.31459,626.0296465,proTrib2-thw
344,20325.61021,19860.81804,626.4759625,proTrib2-thw
345,20330.42292,19864.30355,626.7990555,proTrib2-thw
346,20330.83837,19864.52205,627.4559505,proTrib2-ws
347,20328.34509,19869.85363,628.1752035,proTrib2-bkf
348,20334.36904,19893.878,629.5440105,env348
349,20340.35042,19868.39682,626.6440635,proTrib2-thw
350,20346.07266,19871.02461,626.6360965,proTrib2-thw-xsr
351,20355.79882,19874.60022,626.8405865,proTrib2-thw
352,20355.91851,19877.4584,627.3005655,proTrib2-ws
353,20353.97648,19880.16742,627.8366845,proTrib2-bkf
354,20364.90132,19861.38749,630.2491695,Trib2epin
355,20356.18241,19849.15453,629.9541785,xsTrib2ri-lbp
356,20356.01793,19849.29498,629.6760515,xsTrib2ri
357,20354.43489,19852.7192,629.9324715,xsTrib2ri
358,20353.31029,19855.20509,629.8299105,xsTrib2ri
359,20351.87764,19858.77227,629.1123955,xsTrib2ri
360,20350.84375,19860.97319,628.9036245,xsTrib2ri
361,20349.88281,19863.39254,628.4667285,xsTrib2ri
362,20349.63319,19864.00355,628.1468035,xsTrib2ri-bkf
363,20349.08568,19865.23944,627.6208265,xsTrib2ri
364,20348.92683,19865.47375,627.4814795,xsTrib2ri
365,20348.77074,19865.7336,627.3624125,xsTrib2ri-ws
366,20348.33107,19866.18051,626.2519915,xsTrib2ri
367,20347.54519,19868.42633,626.4758435,xsTrib2ri
368,20346.98573,19869.76331,626.7223335,xsTrib2ri
369,20345.85355,19871.8222,626.7063405,xsTrib2ri
370,20345.34675,19873.21356,626.9201245,xsTrib2ri
371,20344.70324,19874.73536,627.2586185,xsTrib2ri
372,20344.22518,19875.46703,627.7879155,xsTrib2ri
373,20343.72384,19876.29878,628.0886375,xsTrib2ri
374,20342.92162,19878.2014,627.9703505,xsTrib2ri
375,20341.78556,19881.13543,627.8922025,xsTrib2ri
376,20340.58183,19883.57149,628.1917735,xsTrib2ri
377,20339.17915,19886.58984,628.4349465,xsTrib2ri
378,20337.63842,19889.63593,628.8663245,xsTrib2ri
379,20338.03055,19893.39848,629.1309195,xsTrib2ri
380,20334.63023,19897.57633,629.4875815,xsTrib2ri
381,20331.98958,19902.51771,629.4460965,xsTrib2ri
382,20331.93893,19902.59258,629.7171285,xsTrib2ri-rbp
388,49934.18268,49934.62757,630.7059156,bs?-Trib1RbriXSTPIN
1000,1000,1000,629.2883096,env1000
1001,1000,1128.527837,628.7433026,bs-r1xsp-lbp
1002,898.313921,777.333871,624.9034746,proR1-thw-ford
1003,898.483979,777.128897,624.8979956,proR1-ws
1004,898.375452,778.956416,623.9123856,proR1-bpo
1005,898.464773,778.933293,624.7397826,proR1-ws
1006,900.272513,784.90709,622.9458376,proR1-po
1007,900.383688,784.950195,622.9526096,proR1-po
1008,904.660161,794.140296,622.2051946,proR1-po
1009,911.449615,804.406238,623.0531536,proR1-po
1010,918.831732,811.720381,623.2531226,proR1-po
1011,923.074044,820.323462,623.7866156,proR1-po
1012,923.228273,820.62842,624.7487146,proR1-ws
1013,929.481027,828.369913,622.9522896,proR1-po
1014,933.638305,838.204641,623.2879656,proR1-epo
1015,932.907064,838.696151,624.6566776,proR1-ws
1016,937.07796,846.314995,623.8406556,proR1-thw
1017,941.490799,852.738087,623.9085386,proR1-bri
1018,941.435562,852.669839,624.5751796,proR1-ws
1019,947.671073,862.212943,623.7305346,proR1-ri
1020,952.805256,870.589295,623.6538956,proR1-ri
1021,953.105291,870.830596,624.2862866,proR1-ws
1022,961.295874,868.003372,626.5152746,proR1-bkf
1023,969.775222,863.808578,630.3044126,proR1-tob
1024,960.115327,880.906658,623.2690626,proR1-ri
1025,962.028048,888.76932,622.0377716,proR1-ri
1026,961.702291,888.636836,623.9559226,proR1-ws
1027,964.801577,900.999489,621.8724086,proR1-ri
1028,964.914051,914.492947,622.0321026,proR1-ri
1029,965.674518,918.454702,621.7179686,proR1-ri
1030,965.485682,917.95493,623.4346326,proR1-ws
1031,967.401232,930.429277,621.8127266,proR1-ri
1032,968.372399,939.85327,622.1090846,proR1-eri
1033,967.882114,940.547553,623.3368936,proR1-ws
1034,968.477989,950.617621,621.8338456,proR1-thw
1035,970.025378,958.054176,622.1655146,proR1-thw
1036,970.297272,961.408939,621.5925066,proR1-thw
1037,970.077454,961.466922,623.3704656,proR1-ws
1038,968.912043,969.579739,621.8401326,proR1-thw
1039,969.250155,978.974034,621.7595826,proR1-thw
1040,968.913557,990.666556,622.0668006,proR1-thw
1041,969.053046,990.700748,623.3327976,proR1-ws
1042,972.645363,1003.319829,622.0590576,proR1-thw
1043,975.356045,1012.868795,621.6191466,proR1-thw
1044,977.529546,1026.906685,621.9965766,proR1-thw
1045,973.905446,1035.128874,622.2828856,proR1-thw
1046,973.897973,1035.334301,623.0479306,proR1-ws
1047,970.996144,1037.892428,621.2556106,proR1-bri-str
1048,971.2515,1037.841596,622.9373266,proR1-ws
1049,988.168231,1035.585465,625.3580406,proR1-bkf
1050,992.751251,1033.678537,626.3948766,proR1-tob
1051,970.948661,1045.787889,621.3688616,proR1-ri
1052,971.560296,1061.107442,621.3954006,proR1-ri
1053,972.280161,1067.73476,621.1612836,proR1-eri
1054,972.411473,1068.264943,622.5644426,proR1-ws
1055,972.16798,1078.535902,620.9605936,proR1-thw
1056,971.114884,1088.714814,620.5310656,proR1-thw
1057,969.267416,1101.281702,620.4858296,proR1-thw
1058,966.759414,1108.050214,620.1327916,proR1-bpo
1059,966.370171,1108.573337,622.5430506,proR1-ws
1060,962.680133,1112.951384,619.5403056,proR1-po
1061,960.959075,1116.835364,619.8928846,proR1-po-xsp
1062,990.726817,1136.835362,628.6357976,env1062
1063,999.806725,1128.427929,628.6831116,xsR1po-lbp
1064,999.746478,1128.464363,628.5441726,xsR1po
1065,998.769146,1128.177082,628.5507476,xsR1po
1066,996.920554,1127.763433,628.4901716,xsR1po
1067,994.960749,1127.083249,628.4533276,xsR1po
1068,993.092261,1126.594485,628.4870236,xsR1po
1069,990.263224,1125.680002,628.4011146,xsR1po
1070,987.41335,1124.716671,628.2018506,xsR1po
1071,985.373361,1124.218648,628.2034566,xsR1po
1072,982.929737,1123.571651,627.4622106,xsR1po
1073,980.722015,1122.882965,626.8385636,xsR1po
1074,978.840617,1122.405419,626.2195076,xsR1po
1075,976.880109,1121.610468,625.4808446,xsR1po
1076,975.476143,1121.520078,625.3335606,xsR1po
1077,974.513348,1122.026827,625.1516846,xsR1po-bkf
1078,973.287788,1121.487216,624.4758066,xsR1po
1079,972.916135,1121.15062,624.0726986,xsR1po
1080,972.592071,1121.432081,622.8788026,xsR1po
1081,971.155078,1121.019289,622.7301186,xsR1po
1082,970.867347,1120.871426,622.7894636,xsR1po
1083,970.8022,1120.629267,622.3827236,xsR1po
1084,970.246352,1120.507144,622.4110836,xsR1po
1085,970.422143,1120.635377,620.7665806,xsR1po
1086,968.391148,1119.674224,620.5011596,xsR1po
1087,966.37816,1119.065547,620.0497056,xsR1po
1088,964.274112,1118.612972,619.7858446,xsR1po
1089,962.283757,1117.966646,619.8791006,xsR1po
1090,961.289159,1117.805657,619.8806386,xsR1po
1091,960.14863,1117.379492,619.9713996,xsR1po
1092,958.077048,1116.732067,620.3782396,xsR1po
1093,956.187661,1116.201157,620.7905106,xsR1po
1094,955.178837,1115.45862,621.1736356,xsR1po
1095,953.984597,1115.116892,621.6030766,xsR1po
1096,952.725706,1114.802704,622.4700706,xsR1po-ws
1097,951.938413,1114.606047,623.5450986,xsR1po
1098,950.838456,1114.414427,624.1354816,xsR1po
1099,949.424819,1113.759025,624.5809896,xsR1po
1100,947.23583,1113.070762,624.5871466,xsR1po
1101,945.131117,1112.117829,624.8023346,xsR1po
1102,943.308011,1111.738698,625.5793156,xsR1po
1103,940.589066,1110.791812,625.9522736,xsR1po
1104,937.659954,1110.011598,625.9480796,xsR1po
1105,935.516653,1109.414785,625.8619146,xsR1po
1106,933.196445,1108.496069,625.5222746,xsR1po
1107,930.104178,1107.470834,625.4140646,xsR1po
1108,927.316379,1106.56145,625.4788156,xsR1po
1109,924.492354,1105.629736,624.9259406,xsR1po
1110,921.620735,1104.773267,624.6433036,xsR1po
1111,919.702059,1104.094588,624.1920606,xsR1po
1112,917.694336,1103.84416,623.6351316,xsR1po
1113,915.71982,1103.232911,623.0837846,xsR1po
1114,915.042443,1103.193012,623.0643206,xsR1po
1115,912.47031,1102.107365,625.1856236,xsR1po
1116,910.758876,1101.632891,627.0366306,xsR1po
1117,907.936995,1101.005671,627.2612536,xsR1po
1118,905.233304,1099.990485,627.4128736,xsR1po
1119,903.240206,1099.16572,627.2806186,xsR1po
1120,903.187294,1099.307836,627.5000636,xsR1po-rbp
383,962.934364,1120.537233,620.2360626,proR1-po
384,961.417484,1124.341933,620.8535736,proR1-po-str_log
385,959.887961,1130.829413,619.6793856,proR1-po
386,959.5265,1136.265036,619.2026606,proR1-po
1121,955.868574,1144.975282,619.1460336,proR1-po
1122,952.790182,1153.644364,619.9844786,proR1-po
1123,952.922328,1153.591953,622.4404726,proR1-ws
1124,849.391824,1181.808268,625.9912246,env1124
1125,915.967857,1246.535561,628.1775376,xsR1ri-lbp
1126,915.958357,1246.378961,628.0346016,xsR1ri
1127,914.943243,1245.726981,628.0274946,xsR1ri
1128,913.537441,1244.230129,627.9795196,xsR1ri
1129,911.759161,1242.490218,628.0076336,xsR1ri
1130,909.698165,1240.412677,627.8945516,xsR1ri
1131,907.89401,1238.741665,627.6622256,xsR1ri
1132,906.275342,1237.195407,627.2552856,xsR1ri
1133,904.749921,1235.601992,626.9759756,xsR1ri
1134,903.476099,1234.605333,626.4912776,xsR1ri
1135,901.652469,1232.824611,625.6680166,xsR1ri
1136,900.618921,1231.547186,625.3232606,xsR1ri
1137,899.065089,1230.418439,624.8170586,xsR1ri
1138,897.454504,1229.24589,624.5817376,xsR1ri
1139,896.583095,1228.586781,624.2533266,xsR1ri-bkf
1140,895.971417,1228.048556,623.6620976,xsR1ri
1141,895.242643,1227.652418,623.2174536,xsR1ri
1142,895.464713,1227.682787,622.6090586,xsR1ri
1143,895.335267,1227.357375,622.4548126,xsR1ri
1144,895.376777,1227.145918,621.7703266,xsR1ri
1145,893.80574,1225.717753,621.3511166,xsR1ri
1146,892.313038,1224.082649,621.7221716,xsR1ri
1147,890.802836,1222.430993,621.5914146,xsR1ri
1148,889.028257,1220.851156,621.5386186,xsR1ri
1149,887.560278,1219.534809,621.5311896,xsR1ri
1150,885.885537,1218.074456,621.3821186,xsR1ri
1151,884.463226,1216.530133,621.3254566,xsR1ri
1152,883.144186,1214.907857,621.4102226,xsR1ri
1153,881.456602,1213.786109,621.5336226,xsR1ri
1154,879.887899,1212.483172,621.4384386,xsR1ri
1155,878.469734,1211.111762,621.5045716,xsR1ri
1156,876.952205,1209.582999,621.6486366,xsR1ri
1157,875.802569,1208.437845,621.9740376,xsR1ri
1158,875.097843,1207.461251,622.3072866,xsR1ri-ws
1159,873.903863,1206.324347,622.6141316,xsR1ri
1160,872.232559,1204.833344,623.7066996,xsR1ri
1161,870.868619,1203.493273,624.3958736,xsR1ri
1162,869.384325,1202.254452,624.9862826,xsR1ri
1163,867.99124,1200.87131,625.3238666,xsR1ri
1164,866.459479,1199.539367,625.6025906,xsR1ri
1165,864.770251,1197.705926,625.6310886,xsR1ri
1166,862.798913,1195.850791,625.7370476,xsR1ri
1167,860.69043,1193.833867,625.5899466,xsR1ri
1168,858.544294,1191.756276,625.8168486,xsR1ri
1169,856.938218,1190.167194,625.6412786,xsR1ri
1170,855.757685,1189.069199,625.7386066,xsR1ri
1171,853.69223,1187.124146,625.7084006,xsR1ri
1172,851.571627,1184.960349,625.9564406,xsR1ri
1173,849.959852,1183.446887,625.8201716,xsR1ri
1174,847.03465,1181.011224,625.6787666,xsR1ri
1175,844.771971,1178.777085,625.4506126,xsR1ri
1176,844.746377,1178.75823,625.5823306,xsR1ri-rbp
1177,948.128792,1156.138281,619.3492056,proR1-po
1178,946.809269,1161.263901,619.3891156,proR1-po
1179,946.065819,1161.589517,622.4098916,proR1-ws
1180,942.236732,1168.698253,619.3608496,proR1-po
1181,934.036846,1177.002187,619.6203516,proR1-po
1182,926.258171,1185.241616,619.9175066,proR1-po
1183,916.26184,1192.344943,620.7857966,proR1-epo
1184,915.983692,1192.600423,622.3722726,proR1-ws
1185,907.124499,1201.176095,621.2194106,proR1-thw
1186,896.812312,1209.275773,621.2777266,proR1-thw
1187,888.654465,1217.208447,621.3258836,proR1-thw
1188,886.309887,1218.977041,621.5077226,proR1-bri-xsr
1189,886.345759,1218.957282,622.3030596,proR1-ws
1190,896.445713,1227.72668,624.0972906,proR1-bkf
1191,864.965639,1202.634425,625.5532286,proR1-tob
1192,878.68093,1222.96328,621.3932576,proR1-ri
1193,869.355564,1231.7296,621.1368336,proR1-ri
1194,855.082608,1242.592311,620.6814146,proR1-ri
1195,847.946411,1249.819465,620.5299816,proR1-ri
1196,848.286687,1249.92872,622.0739106,proR1-ws
1197,840.437831,1259.333631,620.5431686,proR1-ri
1198,833.615548,1269.885983,620.8185916,proR1-ri
1199,824.904913,1283.479985,620.6929996,proR1-ri
1200,814.888806,1296.232114,620.5478976,proR1-ri
1201,814.664118,1296.316153,621.9302096,proR1-ws
1202,810.593537,1304.007016,620.5354116,proR1-eri
1203,811.315623,1304.486178,621.9530966,proR1-ws
387,804.14271,1310.095586,620.3768046,proR1-thw
1204,813.980806,1455.101152,622.6780666,env1204
1205,803.304557,1308.069079,620.2174276,proR1-thw
1206,798.738147,1318.341971,619.8414426,proR1-bpo
1207,798.395973,1318.031237,621.9035286,proR1-ws
1208,795.513169,1326.635815,619.4133916,proR1-po
1209,796.155271,1337.489836,619.4724406,proR1-po
1210,797.215308,1345.278197,618.8692426,proR1-po
1211,797.289501,1352.374134,617.9640816,proR1-po
1212,798.220355,1356.997762,617.3875836,proR1-po
1213,799.874688,1364.501295,617.3162486,proR1-po
1214,800.484547,1370.102506,617.3650756,proR1-po
1215,804.033185,1380.367564,617.6675826,proR1-po
1216,805.800204,1389.674224,618.4816516,proR1-po
1217,807.33456,1400.399683,618.8938326,proR1-po
1218,812.232364,1409.31594,620.2470926,proR1-epo
1219,810.809397,1409.942956,621.8364736,proR1-ws
1220,817.202725,1419.157706,620.7576626,proR1-thw
1221,826.715523,1430.43836,621.0084786,proR1-bri
1222,826.721773,1430.846617,621.6939416,proR1-ws
1223,850.604823,1424.584765,624.9011216,proR1-bkf-tob
1224,832.843254,1441.748403,620.8637896,proR1-ri-xs
1225,838.953567,1454.03629,620.8612746,proR1-ri
1226,845.590005,1467.461269,620.5158526,proR1-ri
1227,851.043701,1479.97588,620.4081126,proR1-ri
1228,853.137525,1495.87361,620.1626666,proR1-ri-conf
1229,853.391893,1495.773001,621.2477646,proR1-ws
1230,856.749684,1508.339819,619.9546476,proR1-ri
1231,861.933722,1522.349347,619.1989516,proR1-ri
1232,862.226232,1522.195766,620.9958886,proR1-ws
1233,866.660472,1537.928063,619.7219346,proR1-ri
1234,871.211523,1557.04687,619.1389256,proR1-ri
1235,873.611508,1573.809812,619.2975626,proR1-ri
1236,880.09054,1591.126236,619.2508936,proR1-ri
1237,880.240498,1591.01218,620.4365546,proR1-ws
1238,884.280693,1604.708706,619.2163566,proR1-ri
1239,896.435707,1613.461801,618.9763246,proR1-eri
1240,896.782961,1613.434713,620.2162906,proR1-ws
1241,907.224628,1610.898512,621.3784216,proR1-bkf
1242,911.20032,1609.007786,621.9759176,proR1-tob
1243,911.930795,1602.768361,622.6213756,R1epin
1244,886.176913,1428.63111,625.5078176,xsR1SUP-lbp
1245,886.011851,1428.58382,625.2760016,xsR1SUP
1246,883.644037,1429.504963,625.2860586,xsR1SUP
1247,880.215043,1430.172351,625.2508316,xsR1SUP
1248,877.865584,1430.885332,625.2432596,xsR1SUP
1249,875.058656,1431.666773,625.2398706,xsR1SUP
1250,870.442257,1432.782888,625.2041406,xsR1SUP
1251,867.33208,1433.449798,625.3893506,xsR1SUP
1252,864.918519,1434.315873,625.5753306,xsR1SUP
1253,860.481045,1435.399678,625.5930356,xsR1SUP
1254,857.788551,1436.134517,625.2522646,xsR1SUP
1255,855.37092,1437.09873,624.6283076,xsR1SUP
1256,853.358231,1438.060792,623.7043376,xsR1SUP-bkf
1257,851.411429,1438.747899,622.6132836,xsR1SUP
1258,850.306289,1438.30766,621.8434506,xsR1SUP
1259,849.790331,1438.605364,621.4609516,xsR1SUP
1260,848.648804,1440.086995,620.9997076,xsR1SUP
1261,846.883551,1441.002416,620.6612916,xsR1SUP
1262,844.824408,1441.472131,620.7075536,xsR1SUP
1263,842.514267,1441.929095,620.7597746,xsR1SUP
1264,839.856831,1442.421818,620.8779556,xsR1SUP
1265,837.944373,1442.999054,621.0649176,xsR1SUP
1266,835.106286,1443.720308,620.8093916,xsR1SUP
1267,833.280696,1444.226223,620.7316406,xsR1SUP
1268,831.125991,1444.562414,620.8281076,xsR1SUP
1269,828.325752,1444.795582,621.0608406,xsR1SUP
1270,825.666071,1445.300876,621.1568606,xsR1SUP
1271,823.498539,1445.687227,621.0338536,xsR1SUP
1272,821.288206,1446.025922,621.4023466,xsR1SUP
1273,819.996209,1446.608699,621.6742266,xsR1SUP-ws
1274,819.029312,1446.93994,622.0210726,xsR1SUP
1275,817.418101,1447.373502,622.9582226,xsR1SUP
1276,815.571072,1447.877392,623.0516416,xsR1SUP
1277,813.095439,1448.548771,622.9533826,xsR1SUP
1278,810.199942,1449.04116,622.6486146,xsR1SUP
1279,808.241351,1449.889118,622.9937086,xsR1SUP
1280,806.557137,1450.236039,623.1522926,xsR1SUP
1281,806.462203,1450.276971,623.6123316,xsR1SUP-rbp
1282,50000,50000,631.4118703,env1282
1283,49934.17401,49934.61896,632.8152613,bs_Trib1riXS_rbp
1284,49978.01125,50006.44634,631.6986133,xsTrib1po-lbp
1285,49978.05924,50006.37282,631.4887403,xsTrib1po
1286,49978.05628,50004.35432,631.4316863,xsTrib1po
1287,49978.14477,50002.53641,631.1770923,xsTrib1po
1288,49978.36349,50000.05355,631.0865153,xsTrib1po
1289,49978.56204,49997.07718,630.8129093,xsTrib1po
1290,49978.47446,49994.66084,630.6106053,xsTrib1po
1291,49978.43117,49991.89394,630.5406623,xsTrib1po
1292,49978.29245,49989.69024,630.3253703,xsTrib1po
1293,49978.40474,49987.54153,630.3016663,xsTrib1po
1294,49978.34496,49986.14962,630.1628013,xsTrib1po
1295,49978.18829,49984.57683,630.1023093,xsTrib1po
1296,49977.88937,49983.26041,630.0132873,xsTrib1po
1297,49977.92967,49981.36938,629.7626883,xsTrib1po
1298,49978.01531,49979.15401,629.7228233,xsTrib1po
1299,49977.77714,49977.71964,629.5852543,xsTrib1po
1300,49977.85853,49976.64747,629.4634353,xsTrib1po-bkf
1301,49977.76519,49975.85779,629.1776893,xsTrib1po
1302,49977.69948,49975.26449,628.9224293,xsTrib1po
1303,49977.68892,49974.71616,628.9099503,xsTrib1po
1304,49977.49126,49974.24681,628.7493343,xsTrib1po
1305,49977.41252,49973.52188,628.4585673,xsTrib1po-ws
1306,49977.42413,49973.00341,628.3108723,xsTrib1po
1307,49977.28862,49971.36234,628.0522713,xsTrib1po
1308,49977.1582,49970.68085,628.0940523,xsTrib1po
1309,49977.17276,49969.9536,628.1085013,xsTrib1po
1310,49977.09938,49969.10878,627.9837503,xsTrib1po
1311,49977.54127,49968.23519,627.7089883,xsTrib1po
1312,49977.52006,49967.60284,627.5198633,xsTrib1po
1313,49977.49482,49966.74661,627.3106333,xsTrib1po
1314,49977.34673,49965.73224,627.3179173,xsTrib1po
1315,49977.32686,49964.79211,627.5301293,xsTrib1po
1316,49977.8866,49964.00261,627.6923163,xsTrib1po
1317,49977.8888,49962.76151,627.8482263,xsTrib1po
1318,49977.8667,49961.86897,628.5914563,xsTrib1po
1319,49978.37586,49960.58779,628.4638273,xsTrib1po
1320,49978.16358,49959.41024,628.1351833,xsTrib1po
1321,49978.60238,49958.61943,628.2135783,xsTrib1po
1322,49978.73596,49957.58421,628.2119983,xsTrib1po
1323,49978.68273,49956.90538,628.2111003,xsTrib1po
1324,49979.17236,49956.16368,631.7539313,xsTrib1po
1325,49978.93451,49954.51583,632.4523593,xsTrib1po
1326,49979.30852,49952.85137,632.9672873,xsTrib1po
1327,49979.17681,49951.27466,633.2666563,xsTrib1po
1328,49979.11894,49948.76827,633.1401143,xsTrib1po
1329,49978.9336,49946.84843,632.8588763,xsTrib1po
1330,49978.9299,49945.90644,632.7811553,xsTrib1po
1331,49978.82701,49944.03335,632.6344133,xsTrib1po
1332,49978.67993,49943.88312,632.7963383,xsTrib1po-rbp
1333,49954.21625,50002.68675,631.1351343,xsTrib1ri-lbp
1334,49954.22427,50002.52932,630.8400503,xsTrib1ri
1335,49953.2665,49999.81409,630.7165683,xsTrib1ri
1336,49952.46758,49997.25617,630.4696413,xsTrib1ri
1337,49951.92166,49994.41104,630.1460713,xsTrib1ri
1338,49951.24044,49992.20125,630.1789813,xsTrib1ri
1339,49950.50177,49989.91135,630.2711003,xsTrib1ri
1340,49949.94042,49987.21709,630.2578663,xsTrib1ri
1341,49949.39637,49985.95435,629.9672043,xsTrib1ri-bkf
1342,49948.98375,49984.50723,629.5215963,xsTrib1ri
1343,49948.48436,49982.87786,628.7889133,xsTrib1ri
1344,49948.22661,49981.62525,628.3681803,xsTrib1ri-Lws
1345,49947.51215,49981.01448,628.1449103,xsTrib1ri
1346,49947.48766,49979.76217,628.0497243,xsTrib1ri
1347,49947.20364,49978.67588,628.0457213,xsTrib1ri
1348,49946.93771,49977.34466,627.7674943,xsTrib1ri
1349,49945.87978,49975.27179,627.6720453,xsTrib1ri
1350,49945.48563,49973.83671,627.6363883,xsTrib1ri
1351,49945.31714,49972.39217,627.7297483,xsTrib1ri
1352,49944.9926,49970.81478,627.7903503,xsTrib1ri
1353,49944.66473,49969.54091,627.9068283,xsTrib1ri
1354,49943.94582,49967.92615,628.2349393,xsTrib1ri
1355,49944.14941,49967.45229,629.0300943,xsTrib1ri
1356,49943.63282,49965.53684,629.5347493,xsTrib1ri
1357,49943.17575,49963.56789,629.7533193,xsTrib1ri
1358,49942.81462,49962.35262,629.6992163,xsTrib1ri
1359,49942.35569,49960.09944,629.8994583,xsTrib1ri
1360,49942.1225,49958.55167,630.2957603,xsTrib1ri
1361,49941.18418,49955.61446,630.7523913,xsTrib1ri
1362,49940.51854,49953.42689,631.2604463,xsTrib1ri
1363,49939.40563,49949.22357,631.8677123,xsTrib1ri
1364,49938.32912,49945.90259,632.2614263,xsTrib1ri
1365,49937.76411,49943.5209,632.3416663,xsTrib1ri
1366,49937.28732,49941.75521,632.5722613,xsTrib1ri
1367,49936.0272,49938.91875,632.4220433,xsTrib1ri
1368,49935.14589,49936.72717,632.4220913,xsTrib1ri
1369,49934.29254,49934.74617,632.4471873,xsTrib1ri
1370,49934.30434,49934.68383,632.7966023,xsTrib1ri-rbp
1371,50011.13901,50000.87653,631.5005533,Trib1bpin
1372,50053.70041,49981.92101,629.6793933,proTrib1-bri
1373,50053.83761,49981.27591,630.2351813,proTrib1-ws
1374,50043.35695,49993.30769,630.3715083,proTrib1-bkf
1375,50029.649,50017.79546,634.4024283,proTrib1-tob
1376,50045.18733,49974.32873,629.7619343,proTrib1-ri
1377,50041.26389,49970.73832,629.6066963,proTrib1-ri
1378,50037.06726,49968.2091,629.6038583,proTrib1-ri
1379,50037.41541,49968.06854,630.0146693,proTrib1-ws
1380,50033.7229,49966.6467,629.2506523,proTrib1-ri
1381,50033.69955,49966.66914,629.2431703,proTrib1-ri
1382,50032.9282,49966.9818,629.7086843,proTrib1-ws
1383,50029.45019,49964.36198,629.1354273,proTrib1-ri
1384,50026.8827,49960.64782,628.5876453,proTrib1-ri
1385,50023.92398,49958.89519,628.5280183,proTrib1-eri
1386,50023.85172,49958.57708,629.1244313,proTrib1-ws
1387,50022.10857,49958.16109,628.2109333,proTrib1-thw
1388,50022.26362,49958.23941,629.1235723,proTrib1-ws
1389,50017.8631,49958.38274,628.0844123,proTrib1-thw
1390,50015.6352,49959.70658,628.1840323,proTrib1-thw
1391,50011.13334,49961.50786,628.3736263,proTrib1-thw
1392,50007.87965,49962.71456,628.4377773,proTrib1-thw
1393,50005.65513,49966.37804,628.2953803,proTrib1-thw
1394,50004.66509,49969.30004,628.5247693,proTrib1-thw
1395,50004.66063,49969.10046,628.9888883,proTrib1-ws
1396,50002.24775,49971.98073,628.2228223,proTrib1-thw
1397,50002.00944,49971.85889,628.6855553,proTrib1-ws
1398,49997.16216,49971.58731,628.1866743,proTrib1-thw
1399,49993.2768,49969.6454,627.8677823,proTrib1-thw
1400,49993.30689,49969.65583,628.5363033,proTrib1-ws
1401,49989.47897,49968.50037,627.8394113,proTrib1-thw
1402,49985.2376,49967.26705,627.7901603,proTrib1-thw
1403,49984.5955,49966.83637,628.5463523,proTrib1-ws
1404,49979.40818,49965.94205,627.4270343,proTrib1-thw
1405,49974.76903,49966.25925,627.2114943,proTrib1-thw
1406,49971.07854,49965.67982,627.2014903,proTrib1-thw
1407,49967.8986,49966.72301,627.3336603,proTrib1-thw
1408,49964.24748,49967.55711,627.3515853,proTrib1-thw
1409,49964.13791,49967.37578,628.5186693,proTrib1-ws
1410,49959.46014,49968.93309,627.8173923,proTrib1-thw
1411,49954.65727,49970.96911,627.8280783,proTrib1-bri
1412,49954.86935,49969.74883,628.4589423,proTrib1-ws
1413,49957.93346,49981.63068,629.1945093,proTrib1-bkf
1414,49952.58828,49957.93938,630.5729313,proTrib1-tob
1415,49951.74683,49971.43583,627.6604593,proTrib1-ri
1416,49947.85543,49971.82333,627.6864463,proTrib1-ri
1417,49944.49583,49973.38418,627.6370233,proTrib1-ri
1418,49942.37852,49974.38826,627.6122263,proTrib1-ri
1419,49939.1046,49975.26313,627.6144973,proTrib1-ri
1420,49934.92429,49976.61459,627.5528703,proTrib1-ri
1421,49930.92851,49978.36588,627.6162813,proTrib1-ri
1422,49924.37193,49978.95518,627.7276683,proTrib1-ri
1423,49920.91737,49980.04428,627.7007813,proTrib1-eri
1424,49920.36407,49980.27181,628.4587963,proTrib1-ws
1425,49911.88263,49984.53717,627.9127143,proTrib1-thw
1426,49907.99012,49985.00447,627.7890743,proTrib1-thw
1427,49900.92902,49984.57962,627.8170873,proTrib1-thw
1428,49892.43413,49982.82555,627.6757913,proTrib1-thw
1429,49884.06258,49982.83303,627.6937053,proTrib1-bri
1430,49885.71102,49982.14056,628.3442703,proTrib1-ws
1431,49886.03827,49965.9835,629.6650743,proTrib1-bkf-tob
1432,49874.46185,49983.58185,627.7359463,proTrib1-ri
1433,49865.76203,49983.43142,627.8820843,proTrib1-ri
1434,49859.01541,49986.57129,627.8022473,proTrib1-ri
1435,49853.83174,49988.99707,627.7834243,proTrib1-ri
1436,49849.01872,49990.86586,627.5476983,proTrib1-ri
1437,49848.56907,49990.61021,628.1502723,proTrib1-ws
1438,49846.17738,49991.07414,627.0682283,proTrib1-bpo
1439,49844.79518,49991.0649,628.2062443,proTrib1-ws
1440,49841.70294,49990.38937,626.7670063,proTrib1-po
1441,49838.3759,49989.52422,626.2194173,proTrib1-po
1442,49835.48236,49988.43608,625.8180983,proTrib1-po
1443,49831.86146,49986.31968,625.4822433,proTrib1-po
1444,49828.58267,49983.86545,625.2747543,proTrib1-po
1445,49824.87269,49982.25109,625.1905923,proTrib1-po
1446,49821.14965,49981.05783,624.6355053,proTrib1-po
1447,49818.59184,49980.06892,624.3021333,proTrib1-po
1448,49815.57324,49978.91157,624.5780003,proTrib1-po
1449,49811.81708,49977.63039,625.4214523,proTrib1-po
1450,49806.8867,49975.39148,626.5871243,proTrib1-po
1451,49800.3964,49975.94495,626.8864063,proTrib1-po
1452,49794.62989,49973.87815,627.0420393,proTrib1-epo
1453,49794.33458,49974.00269,628.1913153,proTrib1-ws
1454,49787.23847,49971.74643,627.1862903,proTrib1-thw
1455,49781.64539,49969.34085,627.4045383,proTrib1-thw
1456,49774.26416,49967.43464,627.6959033,proTrib1-bri
1457,49774.13047,49967.28903,628.1582133,proTrib1-ws
1458,49781.9842,49945.43423,629.1740303,proTrib1-bkf-tob
1459,49770.45143,49966.56759,627.6823773,proTrib1-ri
1460,49766.90796,49968.70848,627.4519793,proTrib1-ri
1461,49765.34917,49968.87901,626.9790023,proTrib1-eri
1462,49766.25924,49969.3986,627.8143543,proTrib1-ws
1463,49762.88417,49968.69829,626.7128113,proTrib1-thw
1464,49759.50763,49965.73656,626.9123073,proTrib1-thw
1465,49755.37126,49963.32659,626.7754943,proTrib1-thw
1466,49750.70405,49960.55936,626.9916993,proTrib1-thw
1467,49746.74094,49958.86314,627.0667683,proTrib1-thw
1468,49743.14448,49956.51577,627.0439403,proTrib1-bri
1469,49742.904,49956.40453,627.7532673,proTrib1-ws
1470,49756.6171,49929.83866,628.7437753,proTrib1-bkf-tob
1471,49755.64026,49928.94974,628.6841103,env1471
1472,49739.15199,49955.67302,626.9215293,proTrib1-ri
1473,49733.57116,49952.3424,626.7899963,proTrib1-ri
1474,49727.4915,49949.1865,626.8175193,proTrib1-ri
1475,49721.64468,49946.49167,626.7635163,proTrib1-ri
1476,49716.36463,49943.42857,626.2551003,proTrib1-ri
1477,49712.18214,49941.15287,626.1828703,proTrib1-ri
1478,49708.15924,49939.82809,625.5637683,proTrib1-eri-bpo
1479,49708.29915,49939.57909,626.7984403,proTrib1-ws
1480,49705.64091,49938.57168,625.4835433,proTrib1-po
1481,49702.10136,49940.71544,625.0789673,proTrib1-po
1482,49697.78668,49941.68922,625.1055233,proTrib1-po
1483,49694.35141,49940.60441,625.4535453,proTrib1-po
1484,49689.03584,49943.35637,625.1791883,proTrib1-po
1485,49685.38052,49945.51293,625.0917283,proTrib1-po
1486,49681.92196,49945.79455,625.1811653,proTrib1-po
1487,49676.72526,49947.3108,624.8955293,proTrib1-po
1488,49670.30697,49948.14716,624.7683603,proTrib1-po
1489,49664.34134,49950.20661,625.2238733,proTrib1-po
1490,49657.86681,49951.6546,625.3289113,proTrib1-po
1491,49649.34427,49953.55822,625.5700563,proTrib1-epo
1492,49647.14756,49954.51552,626.7376773,proTrib1-ws
1493,49638.43847,49955.33154,625.8227263,proTrib1-thw
1494,49630.45644,49958.38208,626.0212073,proTrib1-thw
1495,49623.84207,49961.27063,626.1466063,proTrib1-thw
1496,49619.19112,49965.36053,626.2134343,proTrib1-bri
1497,49619.86816,49965.68944,626.6638633,proTrib1-ws
1498,49619.50272,49954.51565,627.3010463,proTrib1-bkf
1499,49629.20674,49934.25101,629.6241693,proTrib1-tob
1500,49615.61818,49969.10591,626.2156863,proTrib1-ri
1501,49612.38406,49973.23747,626.2586063,proTrib1-ri
1502,49608.98891,49975.3846,626.1917103,proTrib1-ri
1503,49605.85223,49977.44584,625.9262013,proTrib1-ri
1504,49601.03377,49978.94213,625.9408323,proTrib1-ri
1505,49596.22505,49980.45095,625.8785263,proTrib1-ri
1506,49592.34076,49981.14157,625.8066973,proTrib1-ri
1507,49588.05963,49982.87364,625.5201493,proTrib1-ri
1508,49582.61657,49984.70009,625.5158793,proTrib1-ri
1509,49579.62476,49986.66799,625.3552963,proTrib1-ri
1510,49576.16676,49987.77013,625.2820333,proTrib1-ri
1511,49571.22633,49989.14187,625.2389283,proTrib1-ri
1512,49569.21521,49990.42698,625.1915673,proTrib1-eri
1513,49568.1633,49988.6696,625.8281303,proTrib1-ws
1514,49689.88129,49907.19761,630.1535163,env1514
1515,49581.19661,50011.3542,628.8127583,Trib1epin
1516,60000,60000,605.4295393,env1516
1517,59804.71599,59808.01972,606.6059283,R3bpin
1520,59808.24383,59824.05098,603.4706503,proR3-bri
1521,59808.3252,59824.15816,604.5295013,proR3-ws
1518,59811.36572,59805.0773,607.3313413,proR3-tob
1519,59812.51341,59812.71798,605.9023393,proR3-bkf
1522,59815.148,59826.37125,603.0552443,proR3-ri
1523,59821.42822,59830.1523,603.2327233,proR3-ri
1524,59829.61202,59830.76393,602.7094723,proR3-ri
1525,59833.72089,59831.75945,602.5852613,proR3-ri
1526,59833.67054,59830.92006,603.6885143,proR3-ws
1527,59840.58824,59835.81165,602.4142503,proR3-ri
1528,59847.48937,59838.72076,602.4606233,proR3-ri
1529,59853.75302,59842.89404,602.2019093,proR3-ri
1530,59860.43789,59845.42397,601.8705253,proR3-ri
1531,59860.54313,59845.13798,603.5527813,proR3-ws
1532,59871.61789,59851.33726,602.0708783,proR3-ws
1533,59883.94538,59855.02869,602.4174973,proR3-ws
1534,59895.4258,59857.64901,602.2406233,proR3-ri
1535,59903.68839,59859.38079,602.6711403,proR3-ri
1536,59903.66898,59859.05953,603.3461703,proR3-ws
1537,59911.15998,59860.95198,602.1628773,proR3-ri
1538,59922.07787,59865.49701,601.6629053,proR3-ri
1539,59929.05682,59865.73093,601.1052033,proR3-eri
1540,59928.98876,59865.77704,602.4806373,proR3-ws
1541,59941.95753,59867.40299,600.4619903,proR3-thw
1542,59950.62708,59868.72585,600.1710643,proR3-thw
1543,59958.93827,59875.38414,599.9776143,proR3-bpo
1544,59958.92658,59875.91765,602.4557653,proR3-ws
1545,59963.87057,59877.17808,600.1858873,proR3-po
1546,59969.08303,59883.88385,600.1611423,proR3-po
1547,59979.62227,59894.12628,599.8272893,proR3-po
1548,59986.91019,59902.16992,599.4768553,proR3-po
1549,59991.91717,59909.00315,599.8289123,proR3-po
1550,59998.43492,59916.49832,599.7305003,proR3-po
1551,60004.97926,59922.41414,599.5785433,proR3-po
1552,60005.29581,59922.8059,602.4052643,proR3-ws
1553,60010.97438,59927.73016,599.3906053,proR3-po
1554,60016.22238,59937.31211,599.7696773,proR3-po
1555,60019.86095,59944.05185,599.2682823,proR3-po
1556,60023.5791,59950.72373,599.2322283,proR3-po
1557,60025.14951,59958.16368,599.2625333,proR3-po
1558,60034.36352,59973.00505,598.7737823,proR3-po
1559,60036.53258,59982.52426,598.4875333,proR3-po
1560,60039.53426,59993.35101,598.1969793,proR3-po
1561,60042.62641,60001.87693,598.5795783,proR3-po
1562,60042.00868,60001.70956,602.3784383,proR3-ws
1563,60053.86788,60003.81705,606.0608893,proR3-bkf-tob
1564,60044.44104,60009.81447,598.4764223,proR3-po
1565,60046.49937,60025.71623,599.0772263,proR3-po
1566,60044.64523,60037.81111,599.1932173,proR3-po
1567,60041.48565,60046.92281,598.9169253,proR3-po
1568,60043.67523,60058.11618,599.3008803,proR3-po
1569,60043.18285,60073.71831,599.4832253,proR3-po
1570,60042.22215,60085.13307,598.3102103,proR3-po
1571,60033.57183,60094.4725,599.0304463,proR3-po
1572,60033.71549,60094.0063,602.3676933,proR3-ws
1573,60031.47823,60105.08602,599.2269323,proR3-po
1574,60028.17771,60123.37499,599.8304973,proR3-po
1575,60026.03867,60140.11071,598.6350933,proR3-po
1576,60021.30518,60149.34716,599.2565633,proR3-po
1577,60013.49753,60159.71083,599.2068843,proR3-po
1578,60005.07211,60170.43479,599.1079923,proR3-po
1579,59999.97969,60178.91637,598.8307023,proR3-po
1580,59991.08103,60187.55319,598.4872233,proR3-po
1581,59988.11791,60194.20233,598.4322843,proR3-po
1582,59903.75154,60214.84354,605.8295903,env1582
1583,59978.99324,60198.27932,598.7638423,proR3-po
1584,59977.15745,60207.31295,598.5371713,proR3-po
1585,59976.93741,60207.11567,602.3141453,proR3-ws
1586,59968.79971,60214.79195,598.7296783,proR3-po
1587,59960.30947,60221.83263,599.2990253,proR3-po
1588,59950.40761,60232.46058,599.8920983,proR3-epo
1589,59951.35031,60231.7003,602.3164423,proR3-ws
1590,59945.25036,60238.92791,600.6774973,proR3-thw
1591,59941.26533,60242.3225,601.0255113,proR3-bri
1592,59940.88896,60242.23512,602.2655473,proR3-ws
1593,59950.94209,60251.42938,604.7219373,proR3-bkf
1594,59953.96241,60255.05501,606.5398173,proR3-tob
1595,59936.8883,60247.20526,601.0851113,proR3-ri
1596,59932.06576,60252.40278,601.1839333,proR3-ri
1597,59922.98961,60259.54031,601.2952643,proR3-ri
1598,59922.84651,60259.45181,602.0660183,proR3-ws
1599,59920.49911,60266.14631,600.9233253,proR3-ri
1600,59914.94973,60272.00836,600.5880113,proR3-ri
1601,59911.52882,60273.74224,600.5803643,proR3-ri-xsr
1602,59911.49225,60273.50692,602.0050803,proR3-ws
1603,59931.48711,60295.11072,606.3985323,xsR3ri-lbp
1604,59931.38789,60294.97709,606.1570933,xsR3ri
1605,59930.4381,60293.78566,606.1414183,xsR3ri
1606,59929.14716,60292.53822,606.1882243,xsR3ri
1607,59927.5234,60290.75046,606.0334453,xsR3ri
1608,59926.28709,60289.50503,605.8938833,xsR3ri
1609,59924.54812,60287.90079,605.8238193,xsR3ri
1610,59922.95512,60286.00752,605.5092533,xsR3ri
1611,59921.6168,60284.4079,604.9580883,xsR3ri
1612,59920.58062,60283.51507,604.6409043,xsR3ri
1613,59919.2485,60282.39607,604.0315523,xsR3ri
1614,59918.96118,60281.9553,603.8610783,xsR3ri-bkf
1615,59918.24845,60281.43226,603.6065203,xsR3ri
1616,59918.19184,60280.87032,602.8082053,xsR3ri
1617,59917.60741,60280.49246,602.7361183,xsR3ri
1618,59917.24227,60280.14151,602.0246633,xsR3ri-ws
1619,59917.26051,60279.829,601.1426113,xsR3ri
1620,59915.55496,60278.46436,600.7684593,xsR3ri
1621,59914.26266,60277.14955,600.6236313,xsR3ri
1622,59912.61324,60275.60769,600.5656903,xsR3ri
1623,59911.60031,60274.13076,600.4873123,xsR3ri
1624,59909.94366,60272.86824,600.6569323,xsR3ri
1625,59907.68797,60270.27742,600.6954153,xsR3ri
1626,59905.58185,60267.91646,600.6293913,xsR3ri
1627,59904.18647,60266.59026,600.6162393,xsR3ri
1628,59902.91143,60265.38275,600.3877293,xsR3ri
1629,59901.31441,60263.40321,600.5275253,xsR3ri
1630,59899.84561,60262.19375,600.7245673,xsR3ri
1631,59898.23082,60260.56579,600.6229973,xsR3ri
1632,59896.37657,60258.74799,600.8912503,xsR3ri
1633,59895.67351,60257.89223,601.0982973,xsR3ri
1634,59893.79769,60256.19441,600.9060903,xsR3ri
1635,59892.28634,60254.56971,601.1858483,xsR3ri
1636,59890.8008,60253.01621,601.2125523,xsR3ri
1637,59889.66165,60251.46964,601.5091923,xsR3ri
1638,59888.49822,60250.62974,601.5312543,xsR3ri
1639,59888.48359,60250.41374,602.4733273,xsR3ri
1640,59887.92796,60250.01775,602.9248103,xsR3ri
1641,59887.52047,60249.25729,603.3700493,xsR3ri
1642,59886.76468,60248.62697,603.9085013,xsR3ri
1643,59885.09381,60246.7897,604.2940643,xsR3ri
1644,59883.901,60245.69302,604.2105403,xsR3ri
1645,59883.70724,60245.30095,603.9791093,xsR3ri
1646,59882.90281,60244.55008,604.0045013,xsR3ri
1647,59882.06057,60243.89555,604.5138693,xsR3ri
1648,59881.01941,60242.57413,604.8617953,xsR3ri
1649,59879.86464,60241.62735,605.0264423,xsR3ri
1650,59879.47512,60240.96442,604.5044203,xsR3ri
1651,59879.46205,60240.88061,604.6452093,xsR3ri-rbp
1652,59908.46075,60274.10808,600.7184203,proR3-ri
1653,59899.98615,60277.90512,600.8359943,proR3-ri
1654,59892.58962,60282.20966,600.5929393,proR3-ri
1655,59886.8935,60286.50182,600.4425113,proR3-ri
1656,59879.34845,60293.67393,600.6461583,proR3-ri
1657,59873.64279,60297.73615,600.7297973,proR3-ri
1658,59870.43495,60303.17855,600.8075333,proR3-ri
1659,59870.39226,60303.18925,601.9459173,proR3-ws
1660,59863.79388,60309.14892,600.7287243,proR3-ri
1661,59858.61015,60315.56652,600.4928213,proR3-ri
1662,59852.49278,60322.00289,600.8026063,proR3-ri
1663,59848.9406,60330.3974,600.5156813,proR3-ri
1664,59848.80818,60330.15061,601.7873293,proR3-ws
1665,59845.37875,60337.48864,600.1176973,proR3-ri
1666,59841.31019,60340.58428,600.1311693,proR3-ri
1667,59841.49146,60340.92586,601.5742723,proR3-ws
1668,59839.72001,60347.64827,599.9656563,proR3-ri
1669,59836.0635,60357.58275,599.2987703,proR3-eri
1670,59835.43208,60357.8081,600.7401523,proR3-ws
1671,59829.16638,60367.00414,598.0806863,proR3-thw
389,59822.96357,60373.99848,597.3444023,proR3-bpo
390,59823.2846,60373.7457,600.6529883,proR3-ws
391,59816.42253,60380.84156,597.2225033,proR3-po
392,59808.38723,60389.99561,597.0048203,proR3-po
393,59805.12183,60402.24073,596.4525093,proR3-po
394,59804.59365,60410.019,595.7684713,proR3-po
395,59804.70845,60418.70554,596.3032253,proR3-po
396,59806.9705,60425.05545,595.3005413,proR3-po
397,59806.57427,60431.75189,596.2836333,proR3-po
398,59806.72912,60432.61905,600.6524493,proR3-ws
1672,59793.25236,60483.62822,605.5647653,env1672
1673,59915.02843,60412.34872,604.8036433,xsR3po-lbp
1674,59915.02827,60412.34881,604.7037663,xsR3po
1675,59914.3424,60412.65724,604.9108613,xsR3po
1676,59911.70605,60413.85244,604.6201893,xsR3po
1677,59909.43424,60414.88759,604.4563153,xsR3po
1678,59907.0083,60415.853,604.2844103,xsR3po
1679,59904.61364,60416.99044,604.0425383,xsR3po
1680,59902.18064,60418.17349,603.9428233,xsR3po
1681,59899.61165,60419.11492,603.9136363,xsR3po
1682,59897.39745,60420.06362,603.9599873,xsR3po
1683,59895.04626,60421.23147,604.0335843,xsR3po
1684,59892.80237,60422.32569,603.9127673,xsR3po
1685,59890.4775,60423.23797,604.1345833,xsR3po
1686,59888.25492,60424.18614,603.9495133,xsR3po
1687,59886.25401,60425.13964,604.0607063,xsR3po
1688,59883.76642,60426.43857,604.2401943,xsR3po
1689,59881.64286,60427.25785,604.0906483,xsR3po
1690,59879.0422,60428.36599,604.1642793,xsR3po
1691,59876.03496,60429.92414,604.2190383,xsR3po
1692,59874.03118,60430.5493,604.0592673,xsR3po
1693,59871.33673,60431.62044,603.9226303,xsR3po
1694,59869.50392,60432.59211,604.0222563,xsR3po
1695,59867.34044,60433.5016,604.2605163,xsR3po
1696,59864.85573,60434.62964,604.3714383,xsR3po
1697,59862.35429,60435.81071,604.4406883,xsR3po
1698,59860.38249,60436.6297,604.3397593,xsR3po
1699,59858.59205,60437.48556,604.2687793,xsR3po
1700,59856.40073,60438.41908,604.1910963,xsR3po
1701,59854.06216,60439.57305,604.0726023,xsR3po
1702,59852.30109,60440.46444,603.9762243,xsR3po
1703,59850.61093,60441.07287,603.8435593,xsR3po
1704,59848.65012,60441.97071,603.4756423,xsR3po
1705,59846.90451,60442.9464,603.0009533,xsR3po
1706,59844.85399,60443.59885,602.4860843,xsR3po-bkf
1707,59843.31347,60444.5148,601.9694503,xsR3po
1708,59841.25545,60445.28248,601.5741723,xsR3po
1709,59839.67234,60446.09333,600.9991873,xsR3po
1710,59837.29705,60447.05996,600.8823913,xsR3po
1711,59835.72722,60447.84185,600.9134863,xsR3po
1712,59834.09846,60448.56127,600.7803073,xsR3po
1713,59831.97769,60449.59968,600.6957763,xsR3po
1714,59830.84591,60450.25548,600.7066153,xsR3po
1715,59829.76836,60450.76427,600.5564323,xsR3po-ws
1716,59828.1538,60451.15144,600.0118163,xsR3po
1717,59826.66272,60451.71621,599.5320833,xsR3po
1718,59824.92388,60452.78549,599.4788983,xsR3po
1719,59822.87623,60453.5083,599.2540593,xsR3po
1720,59821.54856,60454.48637,599.0067963,xsR3po
1721,59819.53975,60455.55776,598.6965133,xsR3po
1722,59818.76379,60455.44623,598.4774583,xsR3po
1723,59816.91758,60456.14356,598.2216383,xsR3po
1724,59815.64305,60456.8227,597.9212153,xsR3po
1725,59814.16126,60457.53131,597.5049473,xsR3po
1726,59812.7212,60458.22111,597.5537463,xsR3po
1727,59811.22173,60459.21044,597.3619653,xsR3po
1728,59810.76932,60459.1927,598.5142323,xsR3po
1729,59810.03283,60459.28875,598.4001263,xsR3po
1730,59809.93101,60459.85171,599.1757043,xsR3po
1731,59809.06822,60459.95251,599.7253413,xsR3po
1732,59807.9276,60460.48178,599.2695923,xsR3po
1733,59807.72412,60460.57947,600.3104353,xsR3po
1734,59806.27417,60460.93053,600.3426803,xsR3po
1735,59805.08291,60461.34965,600.4356433,xsR3po
1736,59804.46949,60462.01625,600.6786883,xsR3po
1737,59803.53014,60462.92412,600.7352763,xsR3po
1738,59803.73254,60462.57742,603.9832413,xsR3po
1739,59802.55062,60463.35268,605.2824283,xsR3po
1740,59800.94706,60463.5218,605.4751933,xsR3po
1741,59798.37834,60464.75873,605.6483773,xsR3po
1742,59795.20523,60465.8464,606.0158223,xsR3po
1743,59793.21664,60466.82794,605.9915943,xsR3po
1744,59792.06514,60467.51546,605.9012433,xsR3po
1745,59791.9276,60467.49724,605.9903303,xsR3po-rbp
1746,59806.61026,60441.92072,596.9009133,proR3-po
1747,59808.47957,60449.94741,596.7679473,proR3-po
1748,59811.41843,60455.01118,597.0372843,proR3-po
1749,59812.21942,60458.25582,597.4504283,proR3-po-xsp
1750,59817.56632,60465.49606,596.6071743,proR3-po
1751,59820.35064,60472.33048,597.1612993,proR3-po
1752,59827.05644,60480.14624,596.9214423,proR3-po
1753,59833.05074,60484.30465,596.7728993,proR3-po
1754,59839.38775,60488.24657,596.4429503,proR3-po
1755,59846.38924,60493.32327,596.0509353,proR3-po
1756,59855.40161,60497.71568,596.0334093,proR3-po
1757,59866.53444,60501.50241,596.1969873,proR3-po
1758,59877.79189,60506.3888,596.5490783,proR3-po
1759,59889.89311,60501.46074,595.7190123,proR3-po
1760,59901.08458,60505.85477,596.8406653,proR3-po
1761,59914.40344,60514.6941,597.6472103,proR3-po
1762,59928.14565,60520.88002,597.9441033,proR3-epo
1763,59928.47258,60520.59944,600.4952883,proR3-ws
1764,59940.00673,60523.68882,598.6224043,proR3-thw
1765,59954.66472,60530.4901,598.9109003,proR3-thw
1766,59963.1841,60531.94497,599.6046653,proR3-bri
1767,59962.9708,60531.72784,600.4429703,proR3-ws
1768,59956.31124,60544.04927,602.3481393,proR3-bkf
1769,59950.28918,60552.82735,605.8733473,proR3-tob
1770,59974.68143,60536.4283,599.3779293,proR3-ri
1771,59987.76135,60537.40222,599.2374993,proR3-ri
1772,59999.48038,60539.64133,599.2960233,proR3-ri
1773,60013.24285,60539.45261,598.8748453,proR3-ri
1774,60026.53925,60541.49223,598.9728453,proR3-ri
1775,60037.96522,60544.81392,598.7456763,proR3-ri
1776,60052.83822,60546.05365,598.5809593,proR3-ri
1777,60062.3879,60549.93547,598.4971583,proR3-ri
1778,60062.50117,60549.80278,599.9503833,proR3-ws
1779,60073.89674,60550.71352,598.7105573,proR3-ri
1780,60087.96667,60554.94438,599.0011653,proR3-ri
1781,60100.13977,60555.40149,598.8030043,proR3-ri
1782,60113.45732,60557.93021,598.6706233,proR3-ri
1783,60124.45339,60561.55201,598.4419863,proR3-ri
1784,60132.66975,60567.29278,598.2688983,proR3-ri
1785,60138.2577,60568.56905,598.2671133,proR3-eri
1786,60138.49451,60568.41613,599.6443873,proR3-ws
1787,60143.53181,60541.13414,601.7014173,proR3-bkf
1788,60143.06092,60540.49269,603.4275833,proR3-tob
1789,60151.86101,60541.20785,601.6214313,R3epin
1790,80000,80000,605.139108,env1790
1791,79898.65996,79900.22871,616.407225,env1791
1792,79898.69288,79900.36843,616.390445,xsR3sup-lbp-bent
1793,79898.79373,79900.41837,616.121995,xsR3sup
1794,79899.79058,79901.22504,615.74228,xsR3sup
1795,79902.03905,79903.10741,615.081982,xsR3sup
1796,79904.32434,79905.14914,614.536891,xsR3sup
1797,79904.31439,79905.13927,614.537238,xsR3sup
1798,79908.77012,79909.01299,613.388173,xsR3sup
1799,79911.06892,79910.84178,612.58121,xsR3sup
1800,79913.37428,79912.62765,611.812958,xsR3sup
1801,79915.8041,79914.72276,610.621949,xsR3sup
1802,79918.16482,79916.38883,609.779809,xsR3sup
1803,79920.59906,79917.96908,608.607608,xsR3sup
1804,79921.90407,79919.00988,607.808896,xsR3sup
1805,79922.52702,79920.25851,606.911945,xsR3sup
1806,79924.47701,79921.57703,605.543671,xsR3sup
1807,79925.74471,79922.67913,604.387958,xsR3sup
1808,79927.22646,79923.34315,603.378062,xsR3sup
1809,79928.48866,79924.83562,602.070272,xsR3sup
1810,79929.15519,79926.15448,601.314484,xsR3sup
1811,79929.4793,79926.85732,601.01886,xsR3sup
1812,79929.87156,79927.10025,600.554947,xsR3sup
1813,79930.37977,79927.31251,600.879102,xsR3sup
1814,79930.90378,79927.67383,600.809157,xsR3sup
1815,79931.28189,79927.9592,600.024844,xsR3sup-ws
1816,79932.29458,79928.43266,599.42233,xsR3sup
1817,79932.20246,79928.61727,598.606698,xsR3sup
1818,79932.87861,79928.999,595.640801,xsR3sup
1819,79934.12788,79929.54792,595.382749,xsR3sup
1820,79935.51202,79930.14421,595.072124,xsR3sup
1821,79936.07165,79931.11784,594.55604,xsR3sup
1822,79937.22018,79931.85815,594.667555,xsR3sup
1823,79938.40518,79932.49573,593.24719,xsR3sup
1824,79939.90518,79934.02153,594.363238,xsR3sup
1825,79941.88736,79935.67539,595.582866,xsR3sup
1826,79944.07197,79937.4271,596.801583,xsR3sup
1827,79946.56892,79939.77969,598.156788,xsR3sup
1828,79948.12306,79941.26455,598.959141,xsR3sup
1829,79950.40583,79943.06556,599.224749,xsR3sup
1830,79953.28797,79945.20131,599.661848,xsR3sup
1831,79955.66141,79947.25336,599.780494,xsR3sup
1832,79958.47994,79949.34656,599.981305,xsR3sup
1833,79959.54031,79950.46409,600.109275,xsR3sup
1834,79962.47042,79952.52614,600.437068,xsR3sup
1835,79964.91257,79954.59804,600.536883,xsR3sup
1836,79967.13979,79956.39519,600.848425,xsR3sup
1837,79969.45536,79958.07739,600.94812,xsR3sup
1838,79972.18611,79959.92923,600.734228,xsR3sup
1839,79974.50478,79961.70517,600.827942,xsR3sup
1840,79975.92618,79963.00223,600.891036,xsR3sup
1841,79977.6495,79964.49003,601.248634,xsR3sup-bkf
1842,79979.43913,79965.78469,601.49919,xsR3sup
1843,79980.4534,79966.69951,601.966123,xsR3sup
1844,79983.02057,79968.81073,602.388405,xsR3sup
1845,79984.82863,79970.54399,602.752762,xsR3sup
1846,79986.49066,79971.97311,603.116398,xsR3sup
1847,79987.89705,79972.95122,603.92923,xsR3sup
1848,79989.45742,79974.40944,604.464614,xsR3sup
1849,79991.76126,79976.15931,604.666174,xsR3sup
1850,79993.91389,79978.24839,604.848245,xsR3sup
1851,79995.74941,79980.03677,604.946525,xsR3sup
1852,79998.15789,79982.21806,604.925696,xsR3sup
1853,80000.41407,79984.22549,604.884366,xsR3sup
1854,80002.68724,79986.38865,604.957196,xsR3sup
1855,80004.88993,79988.48007,604.996499,xsR3sup
1856,80006.95699,79990.3894,605.005394,xsR3sup
1857,80009.40288,79992.48654,605.162026,xsR3sup
1858,80011.47357,79994.30441,605.101521,xsR3sup
1859,80013.92632,79996.54191,605.038367,xsR3sup
1860,80016.01995,79998.27595,605.0084,xsR3sup
1861,80018.13511,79999.87911,605.052996,xsR3sup
1862,80019.49938,80000.82987,605.127355,xsR3sup
1863,80019.64351,80000.83572,605.15,xsR3sup-rbp
1864,80000,80000,612.3592816,env1864
1865,79850.92243,79853.23017,615.6383036,R2bpin
1866,79841.45077,79873.85528,611.5619756,proR2-thw
1867,79842.13736,79873.63862,612.4041646,proR2-ws
1868,79843.70384,79857.29161,614.0755896,proR2-bkf
1869,79843.45781,79853.94104,615.6765096,proR2-tob
1870,79854.4466,79876.56649,611.4599386,proR2-thw
1871,79873.08315,79880.72323,611.6466846,proR2-thw
1872,79887.8588,79886.12629,611.8443606,proR2-thw
1873,79902.23502,79891.30015,611.8122236,proR2-bri
1874,79902.25755,79891.40888,612.3259436,proR2-ws
1875,79908.14311,79875.53968,613.7304696,proR2-bkf
1876,79907.70769,79871.53264,615.4257776,proR2-tob
1877,79911.16278,79891.69685,611.7807766,proR2-ri
1878,79921.75588,79894.01639,611.7543936,proR2-ri
1879,79922.00885,79894.15728,612.0878086,proR2-ws
1880,79928.98914,79894.18393,611.6062586,proR2-ri
1881,79938.25137,79896.48752,611.3139026,proR2-ri
1882,79947.59284,79900.68377,611.1143956,proR2-ri
1883,79955.97082,79905.25783,610.7757256,proR2-eri
1884,79956.91227,79903.55819,611.9205566,proR2-ws
1885,79962.24593,79909.42783,610.4597716,proR2-thw
1886,79966.62608,79912.85587,610.1988976,proR2-thw
1887,79973.24081,79919.24521,609.8129616,proR2-bpo
1888,79972.79742,79919.18851,611.8128036,proR2-ws
1889,79977.4754,79922.62655,609.4920856,proR2-po
1890,79982.99528,79932.25816,609.4544826,proR2-po
1891,79988.04667,79941.63995,609.4708386,proR2-po
1892,79992.54011,79949.38823,608.6375526,proR2-po
1893,79997.29806,79956.70864,608.7388646,proR2-po
1894,80001.94787,79962.70125,608.0394376,proR2-po
1895,80004.96557,79967.56992,608.0943706,proR2-po
1896,80007.81092,79972.21129,607.8439306,proR2-po
1897,80010.73888,79976.36622,607.9192186,proR2-po
1898,80014.94198,79979.99737,607.5995756,proR2-po
1899,80019.07869,79983.53157,607.7868026,proR2-po
1900,80024.3412,79987.92429,607.3519886,proR2-po
1901,80027.79493,79992.24083,607.6175576,proR2-po
1902,80031.53237,79997.65906,608.1439396,proR2-po
1903,80038.54722,80002.14914,608.6419936,proR2-po
1904,80049.20167,80009.75386,609.3295866,proR2-po
1905,80058.09063,80019.22729,609.8968376,proR2-po
1906,80065.07728,80024.87196,610.4584716,proR2-epo
1907,80064.87072,80025.12591,611.7451466,proR2-ws
1908,80076.30746,80035.19172,611.0852236,proR2-thw
1909,80086.33518,80048.55922,611.0806796,proR2-thw
1910,80093.07613,80062.6757,610.9263396,proR2-thw
1911,80099.52807,80072.74509,610.8154336,proR2-thw
1912,80116.30597,80079.76404,610.8131476,proR2-thw
1913,80127.21737,80085.77248,610.7164156,proR2-bri
1914,80127.91481,80084.81495,611.6468756,proR2-ws
1915,80144.82542,80063.25016,612.6080226,proR2-bkf
1916,80144.99244,80063.24193,614.2804846,proR2-tob
1917,80134.44101,80088.60364,610.5786076,proR2-ri
1918,80141.99976,80092.6343,610.6805266,proR2-ri
1919,80146.14545,80093.65878,610.6206496,proR2-ri
1920,80144.96098,80093.40315,611.5232446,proR2-ws
1921,80149.79118,80097.06718,610.2612046,proR2-ri
1922,80149.66369,80096.04148,611.1586786,proR2-ws
1923,80156.40503,80099.80319,610.1113136,proR2-ri
1924,80166.79853,80108.85226,609.8347906,proR2-ri
1925,80174.64421,80114.35059,609.9222836,proR2-ri
1926,80184.62788,80118.41158,610.1692036,proR2-ri
1927,80185.42759,80118.75199,610.8555946,proR2-ws
1928,80194.87931,80123.00867,610.0065716,proR2-ri
1929,80202.91654,80128.15335,609.8116996,proR2-ri
1930,80206.24454,80129.66009,610.7032276,proR2-ws
1931,80210.11705,80132.01363,609.7737196,proR2-ri
1932,80209.91891,80131.75433,610.5900946,proR2-ws
1933,80221.69002,80140.55776,609.6036276,proR2-eri
1934,80221.92206,80141.42242,610.6142306,proR2-ws
1935,80242.17529,80155.20545,609.4579766,proR2-thw
1936,80254.65899,80164.24425,610.0013266,proR2-thw
1937,80263.62866,80174.10459,609.5306016,proR2-thw
1938,80268.917,80183.634,608.5707036,proR2-bpo
1939,80269.17817,80183.00404,610.4849266,proR2-ws
1940,80277.24578,80186.83471,608.4668186,proR2-po
1941,80286.18669,80189.15175,607.8247946,proR2-po
1942,80293.14087,80190.36605,607.6609736,proR2-po
1943,80299.26549,80188.76178,607.9444326,proR2-po
1944,80304.79419,80189.45551,607.2829876,proR2-po
1945,80315.83811,80187.64296,607.2758426,proR2-po
1946,80324.00815,80188.77094,607.3631616,proR2-po
1947,80328.38465,80189.32576,607.0839116,proR2-po
1948,80333.91541,80189.57277,606.7059686,proR2-po
1949,80340.14564,80189.91291,606.2401046,proR2-po
1950,80344.98226,80192.4554,605.9663866,proR2-po
1951,80350.15863,80193.48866,605.8747596,proR2-po
1952,80357.41157,80194.79762,606.5180696,proR2-po
1953,80368.82606,80193.20957,607.8943726,proR2-po
1954,80380.16672,80197.25402,608.9721246,proR2-po
1955,80387.85614,80196.56755,609.0910006,proR2-po
1956,80387.93338,80196.44362,610.3516206,proR2-ws
1957,80401.85659,80202.08859,609.3907726,proR2-thw
1958,80414.27276,80207.5254,609.6552186,proR2-thw
1959,80423.70807,80213.19583,609.7214996,proR2-thw
1960,80489.48969,80248.75341,610.2625166,env1960
1961,80435.46758,80208.23255,609.6329676,proR2-thw
1962,80445.72823,80210.1947,609.8818266,proR2-thw
1963,80453.10469,80213.1077,609.4663636,proR2-thw
1964,80457.59326,80215.67812,609.6263206,proR2-thw
1965,80457.94279,80214.2421,610.2440926,proR2-ws
1966,80469.58286,80191.94191,610.8639816,proR2-bkf
1967,80472.40143,80187.69865,611.3229276,proR2-tob
1968,80461.67292,80217.2218,609.4967886,proR2-ri
1969,80470.48228,80219.60009,609.4547026,proR2-ri
1970,80477.20337,80222.55104,609.4895776,proR2-ri
1971,80481.50383,80223.91797,609.3483736,proR2-ri-xsr
1972,80495.67898,80195.62439,611.5836736,xsR2ri-lbp
1973,80495.55416,80195.61349,611.4284656,xsR2ri
1974,80493.68959,80199.22224,611.4304066,xsR2ri
1975,80492.11014,80202.88894,611.1764996,xsR2ri
1976,80491.23584,80205.09391,610.9129866,xsR2ri
1977,80490.31097,80206.2072,610.8499926,xsR2ri
1978,80489.74797,80207.36272,610.5991686,xsR2ri
1979,80488.57055,80208.60995,610.4340836,xsR2ri
1980,80488.21254,80209.50146,610.0681716,xsR2ri-ws
1981,80487.35589,80211.77753,609.8443846,xsR2ri
1982,80486.01434,80213.96371,609.6439616,xsR2ri
1983,80484.47937,80216.99584,609.4838006,xsR2ri
1984,80483.1463,80220.28586,609.4611116,xsR2ri
1985,80481.66307,80223.74502,609.3904766,xsR2ri
1986,80479.68662,80227.0745,609.5195016,xsR2ri
1987,80477.52011,80230.86387,609.5582406,xsR2ri
1988,80476.10486,80234.36067,609.6657776,xsR2ri
1989,80474.69797,80237.95302,609.8103126,xsR2ri
1990,80473.30066,80240.79764,609.9503096,xsR2ri
1991,80471.75419,80243.6373,610.2046776,xsR2ri
1992,80471.17005,80244.80269,610.3471526,xsR2ri
1993,80470.32655,80246.32451,610.5611386,xsR2ri
1994,80470.09172,80247.4186,611.0911846,xsR2ri
1995,80469.71108,80248.97156,611.3665456,xsR2ri
1996,80467.22309,80251.61602,611.6234626,xsR2ri
1997,80466.46328,80254.02492,611.9486316,xsR2ri
1998,80465.61181,80256.00047,612.6967596,xsR2ri
1999,80464.35635,80257.93308,613.2082156,xsR2ri
2000,80463.37574,80259.34818,613.4474456,xsR2ri
2001,80462.49676,80261.2901,613.4051506,xsR2ri
2002,80461.58534,80262.80749,613.5644626,xsR2ri
2003,80461.46082,80262.92016,613.8496406,xsR2ri-rbp
2004,80484.13078,80226.08065,609.4477036,proR2-ri
2005,80491.88626,80227.71632,609.3374186,proR2-ri
2006,80497.90957,80229.63012,609.2262346,proR2-ri
2007,80502.68066,80231.095,609.1660056,proR2-ri
2008,80506.76274,80231.94455,609.1899766,proR2-ri
2009,80510.72091,80232.2731,609.2354846,proR2-ri
2010,80510.60778,80232.46469,609.7855446,proR2-ws
2011,80516.7542,80233.54857,608.9464596,proR2-ri
2012,80524.07374,80237.04363,608.8874166,proR2-ri
2013,80535.25818,80238.34318,608.4972386,proR2-eri
2014,80535.2038,80238.37932,609.7372966,proR2-ws
2015,80542.34312,80239.94568,608.4160686,proR2-thw
2016,80551.40005,80242.25489,608.4420936,proR2-ri
2017,80561.9661,80246.07228,608.4648666,proR2-ri
2018,80570.02084,80248.96857,608.6642556,proR2-ri
2019,80577.20909,80251.45182,608.8277006,proR2-ri
2020,80584.84584,80253.64563,608.5477556,proR2-ri
2021,80591.51722,80255.78403,608.6255456,proR2-ri
2022,80591.19207,80255.72695,609.7768536,proR2-ws
2023,80600.89687,80257.68934,608.8481786,proR2-ri
2024,80607.64913,80260.25061,608.6753566,proR2-ri
2025,80614.36843,80263.76901,608.7044606,proR2-ri
2026,80620.27968,80267.51127,608.6724156,proR2-ri
2027,80625.36823,80271.51476,608.5943366,proR2-eri-bpo
2028,80625.12905,80271.47605,609.3003996,proR2-ws
2029,80627.71597,80275.01251,607.6223096,proR2-po
2030,80631.35171,80275.35918,607.6474276,proR2-po
2031,80636.03846,80274.76836,607.2984846,proR2-po
2032,80640.1696,80273.82823,607.1613836,proR2-po
2033,80644.56064,80271.60704,606.6271016,proR2-po
2034,80648.49303,80270.0381,606.7620746,proR2-po
2035,80651.31987,80267.21792,606.3891606,proR2-po
2036,80654.42043,80265.88146,606.1628486,proR2-po
2037,80660.81752,80261.09035,606.1678096,proR2-po-xsp
2038,80651.75419,80245.06567,609.4455966,env2038
2039,80610.69773,80154.28934,611.3249576,xsR2po-lbp
2040,80610.79213,80154.2942,611.1003616,xsR2po
2041,80611.84615,80156.11857,610.8809116,xsR2po
2042,80612.75075,80158.72605,610.9093846,xsR2po
2043,80614.65512,80162.7886,610.8815836,xsR2po
2044,80616.8808,80167.36906,610.7463296,xsR2po
2045,80618.70128,80171.06614,610.9098576,xsR2po
2046,80620.33599,80174.25909,610.6729776,xsR2po
2047,80621.82003,80177.08689,610.5590486,xsR2po
2048,80623.26721,80180.49393,610.7690986,xsR2po
2049,80625.06281,80184.7739,610.7361906,xsR2po
2050,80626.96059,80188.54325,610.6266346,xsR2po
2051,80628.93247,80193.32796,610.9023386,xsR2po
2052,80631.15516,80197.53994,611.2007606,xsR2po
2053,80633.14757,80201.78935,610.9835486,xsR2po
2054,80634.80359,80205.2608,610.8321976,xsR2po
2055,80636.07467,80208.06115,610.7310586,xsR2po
2056,80637.73276,80211.88617,610.9222086,xsR2po
2057,80639.85651,80216.41871,610.9204806,xsR2po
2058,80641.77142,80220.51347,610.8673156,xsR2po
2059,80643.89678,80225.08861,610.9617856,xsR2po
2060,80644.85357,80227.00022,610.9784276,xsR2po
2061,80645.41648,80228.58948,611.3038486,xsR2po
2062,80646.14883,80230.21385,611.6431386,xsR2po
2063,80646.88536,80232.36092,611.9340136,xsR2po
2064,80647.45974,80234.00486,611.8609326,xsR2po
2065,80648.30232,80235.97535,611.2939416,xsR2po
2066,80649.45814,80237.67673,610.6103626,xsR2po
2067,80650.5162,80239.12675,610.2097476,xsR2po
2068,80651.40137,80240.54957,609.8070656,xsR2po
2069,80653.63533,80241.83881,609.5983976,xsR2po
2070,80654.60048,80243.39205,609.3739206,xsR2po
2071,80654.90648,80245.39968,609.3098966,xsR2po
2072,80654.69356,80246.22473,609.3143556,xsR2po-ws
2073,80654.71027,80248.4811,609.0507766,xsR2po
2074,80655.94976,80251.49614,608.9717906,xsR2po
2075,80657.11357,80253.76718,608.9172836,xsR2po
2076,80658.0213,80255.6144,608.3922226,xsR2po
2077,80658.69327,80257.14448,607.6688386,xsR2po
2078,80660.09175,80258.11432,606.8701796,xsR2po
2079,80660.73542,80259.15042,606.1791376,xsR2po
2080,80659.71763,80260.52691,606.1491906,xsR2po
2081,80660.59306,80261.237,605.9290286,xsR2po
2082,80661.97956,80262.38936,606.0752876,xsR2po
2083,80662.55805,80264.02458,606.3722166,xsR2po
2084,80662.62685,80266.16118,608.1219876,xsR2po
2085,80663.51605,80266.85817,608.8386856,xsR2po
2086,80664.17705,80268.47512,609.1796986,xsR2po
2087,80664.62677,80269.27067,610.4145236,xsR2po
2088,80665.73586,80271.15901,611.3034666,xsR2po
2089,80666.82636,80272.87852,611.6797196,xsR2po
2090,80668.11238,80276.81914,612.3110836,xsR2po
2091,80668.19911,80276.94155,612.6134246,xsR2po-rbp
2092,80663.76133,80258.63979,606.6996656,proR2-po
2093,80668.88086,80256.7711,606.3900246,proR2-po
2094,80668.84791,80256.95017,609.2558496,proR2-ws
2095,80672.96297,80254.51139,606.4205966,proR2-po
2096,80680.68355,80246.97519,607.3955976,proR2-po
2097,80684.45013,80242.91663,607.9448726,proR2-epo
2098,80684.54883,80243.2435,609.2741026,proR2-ws
2099,80686.60287,80239.61112,608.2556346,proR2-thw
2100,80686.79212,80235.81917,608.3537966,proR2-bri
2101,80686.06936,80235.63483,609.1868496,proR2-ws
2102,80673.2265,80214.49637,610.2353066,proR2-bkf
2103,80692.40149,80226.23567,607.9019046,proR2-ri
2104,80700.56097,80215.26514,608.0428266,proR2-ri
2105,80706.51286,80208.0091,607.8228306,proR2-ri
2106,80715.79891,80204.99775,607.6762726,proR2-ri
2107,80722.018,80202.06467,607.4050186,proR2-eri
2108,80722.02451,80201.83089,609.0321966,proR2-ws
2109,80728.79786,80196.52107,607.4414516,proR2-thw
2110,80735.42733,80192.06977,607.6208796,proR2-thw
2111,80742.59392,80188.42699,607.8837756,proR2-thw
2112,80749.87627,80182.01199,608.0801186,proR2-thw
2113,80756.00357,80176.99256,608.2525696,proR2-thw_bri
2114,80756.02753,80176.9762,609.0535786,proR2-ws
2115,80742.98019,80139.4281,609.7626586,proR2-bkf
2116,80742.32771,80139.94383,612.5355516,proR2-tob
2117,80713.68587,80154.97705,610.3464386,R2epin
